ভালোবাসাতে  প্রত্যাখ্যান  দিনগুলো  ছিল  শুনশান ,নিরবচ্ছিন্ন  চাওয়া  তোমাকে  নির্লিপ্ত  পাওয়া,হৃদয়ের  দরজা  খোলা  ভালোবাসার  দোলা ,তোমার  নানান  মতবাদ  আমার  প্রতিবাদ।@,LOVE
রোজকার  পীড়াপীড়ি  মান  অভিমানে  ছড়াছড়ি ,পরিস্থিতি  সঙ্গিন  ভালোবাসা  আহত  প্রতিদিন। গ্রহণযোগ্যতা  বিবেচনাধীন  তোমার  মনের  অধীন ,প্রতীক্ষা  অন্তহীন  হয়তো  ফিরবে  সুদিন।@,LOVE
তুমি  উদাসীন  মনটা  ক্রমশঃ  শব্দহীন , নীরব  যন্ত্রণা  অসহ্য  ভালোবাসার  বঞ্চনা, উপলব্ধি  সুস্পষ্ট  তোমার  বিবেক  আকৃষ্ট  হন্তদন্ত  আগমন  সময়  হারিয়ে  কথোপকথন.@,LOVE
তোমাকে অনুবাদ করেছি স্বপ্নে, তোমাকে অনুবাদ করেছি তৃষ্ণায়??তোমাকে অনুবাদ করেছি উদাসীনতায়. কি করলে ভাধবে বলো মায়ায়??@,LOVE
আশ্বস্ত  মনপ্রাণ  তোমার  আশ্বাস  অনুদান ,বাঁধনহারা  আবেগী  বন্যা  তুমি   অনন্যা, খোলামেলা  কথন  তোমার  দিকেই  নয়ন , প্রেমে  জাগরণ  হৃদয়গাঁথা  শব্দের  বর্ষণ।@,LOVE
প্রিয়_বনলতা,আজ রুদ্র কঠোর, বৃষ্টি নেই,অলি-গলি তাই শূন্য।তুমি আসলে হাঁটব দু-জন,অলি-গলি হবে পূর্ণ @,LOVE
ভালোবাসা  বিতরণ  তোমাকে  ছুঁতে  আবেগপ্রবণ ,মনপসন্দ  তুমি  মনতরঙ্গে  প্রেমের  ঊর্মি,বড্ড  সাবধানী  কথাবার্তায়  মাপা  গন্ডি ,অতিরিক্ত  প্রত্যাশা  তোমার  উপর  ভরসা @,LOVE
চোখের যত কথা ছিল,কেড়েছে শুন্য দৃষ্টি? খুব আদরের শহর ভিজাক,বেহিসেবী বৃষ্টি? @,LOVE
সেদিন ঐ ভোরের আলোয়যে ঘুমন্ত তোমাকে আমি দেখেছিলাম..আমি জানি আমি সেদিন থেকেতোমায় ভালবাসি  @,LOVE
 স্বপ্নময়  রজনী  ভালোবাসার  ভরপুর  সৃজনী ,ঊষার  উঁকিঝুঁকি  ঘুমভাঙা  চোখে  আঁকিবুকি ,প্রভাতের  উষ্ণ  আলোড়ন  তোমার  বিচরণ ,মনপ্রাণ  চঞ্চল  আমার  হৃদয়  দুর্বল। পাশ ফিরে ভাবি কি করিব বল?? @,LOVE
 নিজস্ব  পৃথিবী  তোমায়  ঘিরে  ভাবি ,শারীরিক  বিপত্তি  দায়িত্ব  হস্তান্তরে  আপত্তি।ইচ্ছেগুলো  পরাধীন  ভবিষ্যত  কুয়াশার  অধীন,ভালোবাসি  তোমায়  তাইতো  মনে  সংশয়। জানিনা  পরিণতি  তোমার  প্রতি  আসক্তি , ভালোবাসা  হৃদয়গ্রাহী  তোমায়  পেতে  আগ্রহী @,LOVE
মনের মধ্যে প্রবহমান ঝর্ণাএনে দিল ভালবাসার বন্যা। ভাসিয়ে নিল বিস্মৃতির ভেলা , শুরু হল ভালবাসার খেলা।@,LOVE
তুমি আমার রঙ্গিন স্বপ্ন, শিল্পীর রঙে ছবি । তুমি আমার চাঁদের আলো, সকাল বেলার রবি । তুমি আমার নদীর মাঝে একটি মাত্র কুল । তুমি আমার ভালবাসার শিউলি বকুল ফুল .@,LOVE
একটু যদি তাকাও তুমি মেঘগুলো হয় সোনা  আকাশ খুলে বসে আছি তাও কেন দেখছ না একই আকাশ মাথার উপর এক কেন ভাবছ না ?আকাশ খুলে বসে আছি তাও কেন দেখছ না@,LOVE
হৃদযের সীমানায় রেখেছি যারে, হয়নি বলা আজো ভালবাসি তারে। ভালবাসি বলতে গিয়ে ফিরে ফিরে আসি। কি করে বুঝাবো তারে আমি কতটা ভালোবাসি@,LOVE
শীতের চাদর জড়িযে, কুয়াশার মাঝে দাড়িয়ে, হাত দুটো দাও বাড়িয়ে, শিশিরের শীতল স্পর্শে যদি শিহরিত হয় মন ,বুঝে নিও আমি আছি তোমার পাশে সারাক্ষণ@,LOVE
অজস্র স্বপ্নের ভিড়ে তোমায় দেখি, সমস্ত কল্পনা জুড়ে তোমার বসবাস, অজস্র কাব্য শুধু তোমায় নিয়ে লেখা ,অফুরন্ত বন্ধুত্ব নিয়ে তোমার অপেক্ষা থাকা@,LOVE
যদি কখন আমি হারিয়ে যাই ঐ দূর তারার দেশে, তুমি কী তখনও খুজবে আমায় হাত বাড়িয়ে ভালবেসে...? যদি কোন দিন নিভে যায় আমার আশার প্রদীপ, তুমি কী তখন জ্বালাবে আলোর দ্বীপ...? যদি কখন আমি হারিয়ে যাই দূর দিগন্তে, তখনও কী আমি থাকবো তোমার মনের সীমান্তে…@,LOVE
এই পারে যদিও মোদের,নাই বা হয় দেখা !ঐ পারে সঙ্গী হবো, ভেবো না তুমি একা! ভালবেসে তোমায় আমি, জীবন ও দিতে পারি, তোমায় পেলে সুখের সাথে ও, দেবো আমি আড়ি!@,LOVE
মনেতে আকাশ হয়ে রয়েছো ছড়িয়ে, বলনা কোথায় রাখি তোমায় লুকিয়ে। থাকি যে বিভোর হয়ে শয়নে স্বপনে॥ যেও না হৃদয় থেকে দূরে হারিয়ে, আমি যে ভালবাসি শুধু-ই তোমাকে।@,LOVE
এই জীবনে সব পেয়েছি, পাইনি কারো মন জানিনা যে এই জীবনে, কে হবে আপন মনের মত চাই তারে, চাই তার মন হবে কি তুমি, আমার কাছের একজন@,LOVE
ভালবাসা বুকের ভিতর হয়েছে নিঃশ্বাস, তোমার প্রেমে বেঁচে আছি এই তো বিশ্বাস । জান, আমার জান, তুমি আমার প্রাণের মাঝে প্রাণ@,LOVE
খুব নিশিতে কষ্ট হলে , মাথা রেখ চাঁদের কোলে ,তবুও যদি কষ্ট থাকে চোখ রেখ আমার চোখে ।কষ্ট রেখোনা বুকের মাঝে পাঠিয়ে দিও আমার কাছে@,LOVE
টিপ টিপ বৃষ্টি পড়ে, তোমার কথা মনে পড়ে। এ মন না রয় ঘরে, জানি না তুমি আসবে কবে! এ প্রান শুধু তোমায় ডাকে, আমায় ভালবাসবে বলে! ফুল হাতে থাকবো দাঁড়িয়ে, বলবো আমি তোমায় পেয়ে।সাত সমুদ্র পাড়ি দিয়ে পেয়েছি তোমায় খুঁজে@,LOVE
তুমি সেই কবিতা ! যা প্রতি দিন ভাবি....লিখতে পারিনা।। তুমি সেই ছবি! যা কল্পনা করি.... আঁকতে পারি না॥ তুমি সেই ভালবাসা! যা প্রতিদিন চাই....কিন্তু তা কখনো-ই পাই না।।@,LOVE
চশমা পরা সেই দুচোখের মাতাল করা দৃষ্টি, মনজমিনে নামিয়ে ছিলো মুসল ধারায় বৃষ্টি। তোর ঠিকানায় আছি আমি মনপাড়াতে ঘুরি, সেদিন থেকে যেদিন নিলি মনটা করে চুরি @,LOVE
গভীর রাতে স্বপ্নের মাঝে দেখি তোমার ছবি, সেই ছবি দেখে দেখে তোমার কথা ভাবি। ভাবতে আমার ভাল লাগে শুধু তোমাকে, তোমার মাঝে হারিয়ে ফেলেছি আমি আমাকে@,LOVE
ঝেড়ে ফেলো অভিমান, ছুঁয়ে দেখ এই প্রাণ। বন্ধ দুচোখের নিভু নিভু কালোয়, যে আলোয় ভেসে আসো তুমি। মনে হয়, মিশে যাই, তোমার আরো কাছে@,LOVE
 তুমি যমুনা হলে হব আমি যমুনা ব্রিজ। তুমি চায়ের কাপ হলে হব চায়ের প্রিজ। তুমি জীবন হলে হব আমি প্রেম, তুমি দরজা হলে হব আমি দরজার ফ্রেম।@,LOVE
মানুষের জীবনে চাওয়ার শেষ নেই, স্বপ্নের সমাপ্তি নেই, আকুলতার অন্তি নেই ,  আমার চাওয়া তুমি, স্বপ্ন তুমি , আমার সব আকুলতা শুধু তোমার মাঝে । আমার জীবন শুধু তোমাকে ঘিরে।@,LOVE
রাজার আছে অনেক ধন, আমার আছে একটি মন। পাখির আছে ছোট্র বাসা, আমার মনে একটি আশা, তোমার জন্য শুধু ভালোবাসা।@,LOVE
.দুর নিলীমায় রয়েছি তোমার পাশে। খুজে দেখ আমায় পাবে মনের কাছে। শুনাব না কোন গল্প, গাইব শুধু গান। যে গানে খুজে পাবে ভালবাসার টান।@,LOVE
এখনোও কী লিখেছো স্বপ্নের কবিতা হৃদয়ে, ভালবাসার শ্রাবন নামবে মনের আকাশ ছুঁয়ে। এক আকাশে উড়বো দুজনে স্বপ্নের ডানা মেলে॥ করবো তোমায় আলোকিত সুখের প্রদীপ জ্বেলে ??? চাওয়া পাওয়ার স্বপ্নে???@,LOVE
তুমি যদি বাসো ভালো,, চাঁদের মতো দেব আলো,, যদি আমায় ভাবো আপন,, হব তোমার মনের মতন,, নদী যেমন মেশে মোহনায়,, তোমার ই আমি তোমার উপমা।@,LOVE
ভালবাসা মানে আবেগ দ্বারা নিয়ন্ত্রিত হৃদয়ের অভ্যন্তরীণ একটা অনুভুতি, যা কেবল - শুধু মাত্র ভালবাসার মানুষের সামনে ,ভাষায় অথবা আচরণে প্রকাশ হয়@,LOVE
বন্ধু আমি চাইনা তোমায় অসীম সুখের ভাগ,, কিন্তু যখন থাকবে দুঃখে দিও আমার ডাক,, তোমার মুখে কান্না নয় দেখতে চাই হাসি?? মনে রেখো বন্ধু তোমায় অনেক ভালোবাসি@,LOVE
এক বিন্দু জল যদি চোখ দিয়ে পড়ে,, সেই জলের ফোটা সুধু তোমার কথা বলে.. মনের কথা বুঝনা তুমি মুখে বলি তাই,, শত আঘাতের পরেও তোমায় ভালবেসে যাই@,LOVE
 যদি ভালবাসাকে মৌচাক ধরি, তাহলে বিশ্বাস হল মৌমাছি। কেননা উভয়ের বিশ্বাসের মাধ্যমেই , ভালবাসার অমৃত মধু পাওয়া যায়।@,LOVE
ভালবাসো তাকে যে ভাবে তোমাকে.. বন্ধু করো তাকে যে চেনে তোমাকে.. আপন করো তাকে যে ভাবে তোমাকে.. মনে রাখো তাকে যে কখনো ভোলেনা তোমাকে.. জীবন সাথী কর তাকে যে থাকবে তোমার পাশে সারা জীবন@,LOVE
প্রেম হলো সরল অংকের মত। সরল অংকে যেমন যোগ, বিয়োগ, গুন, ভাগ ও বন্ধনী থাকে, তেমনি প্রেমেও থাকে হাসি-ট্টাটা, মান-অভিমান, বিরহ- বিচ্ছেদ, অনাবিল সুখ আর না পাওয়ার সীমাহীন বেদনা।@,LOVE
টিপ দিলেই বলিস তুই টিপ হয়েছে বাঁকা, ঠিক করার অজুহাতে আমায় ছুঁয়ে থাকা। জ্বর এসেছে শুনলে জানি কপাল ছুঁয়ে দিবি, ভালোবাসি বলতে গাধা আর কত সময় নিবি?@,LOVE
আমি প্রেম কি জানিনা, আমি প্রেম কি বুঝিনা, শুধু ধিকি ধিকি মন যায় জ্বলে! কে জানে হায় কোন আগুনে, মরিব আমি এই ফাগুনে ।@,LOVE
মন নেই ভালো, জানিনা কি হলো, পাসে নেই তুমি, কি করি আমি, পাখী যদি হতাম আমি এই জীবনে, তোমায় নিয়ে উড়ে যেতাম অচিন ভুবনে, তুমি কি যাবে আমার সাথে ¡@,LOVE
.যার কাছে সব কিছুবলা যায়... যার হাতে হাত রেখে চলা যায়... যাকে আপন বলে ভাবা যায়... যার কাছে বিশ্বাস টুকু জমা রাখা যায়.. তাকেই তো ভালবাসা যায়..@,LOVE
চাঁদ কে ভালবাসি রাত পর্যন্ত, সূর্য কে ভালবাসি দিন পর্যন্ত, ফুল কে ভালবাসি সুভাস পর্যন্ত, কিন্তু তোমাকে ভালবেসে যাবো আমার শেষ নিশ্বাস পর্যন্ত।@,LOVE
 দুটি চোখের কান্নার মর্ম যদি কেউ বুঝতো। দুঃখের পিছনেও যে সুখ আছে সেটা যদি সবাই জানতো। ভালোবাসার মাঝে টক-ঝাল মিষ্টি এগুলো সবই আছে কিন্তু ভালোবাসার এসব অনেকের জীবনেও মিছে।@,LOVE
ভালোবাসা হল এমন একটি শ্বাস , যাতে শুধু খাটে দুজনার বিশ্বাস এটি হল , ছোট্ট সুখের বাসা তাইতো এর নাম, রাখা হয়েছে ভালোবাসা।@,LOVE
ভালোবাসা মানে নীল প্রজাপ্রতি.. ভালোবাসা মানে রুপালি উজান। ভালোবাসা মানে জোছনার গান। ভালোবাসা মানে উশ্ন সুখের বরফ গলা নদী।@,LOVE
যদি ভালবাসো মোরে, তবে মোর হাত দুখান ধরে, নিয়ে চল অনেক অনেক দূরে, যেথায় তোমাতে আমাতে কথা হবে, মুখে মুখে নয় কেবলই মনে আর মনে@,LOVE
 মিষ্টি হেসে কথা বলে পাগল করে দিলে, তোমায় নিয়ে হারিয়ে যাব আকাশের নীলে, তোমার জন্য মনে আমার অফুরন্ত আশা। সারা জীবন পেতে চাই তোমার ভালবাসা।@,LOVE
ফুলের প্রয়োজন সূর্যের আলো, ভোরের প্রয়োজন শিশির, আর আমার প্রয়োজন তুমি, আমি তোমাকে ভালবাসি।@,LOVE
.চাঁদ মেঘে লুকালো তোমাকে দেখে প্রিয়া_ রাত বুঝি ঘুমালো এসো না বুকে প্রিয়া_ ঝিরি ঝিরি হাওয়া _ ঝড় উঠেছে এ মনে হায় এ মনে কেউ জানেনা_@,LOVE
মনটা দিলাম তোমার হাতে যতন করে রেখো,, হৃদয় মাঝে ছোট্ট করে আমার ছবি এঁকো.. সপন গুলো দিলাম তাতে আরও দিলাম আশা,, মনের মতো সাজিয়ে নিও আমার ভালবাসা…@,LOVE
ভালোবাসার মানুষ যতোই দূরে থাকুননা কেনো, কখনো মনে হবে না যে সে দূরে আছে, যদি সে অনুভবে মিশে থাকে@,LOVE
ভালবাসা কি ? তপ্ত মরুর বালুর শিখা, ভালবাসা কি ? নদীর স্রোতে ভাসমান কোনো ণৌকা, ভালবাসা কি? ভেসে আসা কোনো সুখের ভেলা, ভালবাসা কি? দুখের মাঝে হাসিমিশ্রিত কান্না, ভালবাসা কি? কোনো এক অজানা ঠিকানা?@,LOVE
ভালোবাসা মানে আবেগের পাগলামি,, ভালোবাসা মানে কিছুটা দুষ্টামি । ভালোবাসা মানে শুধু কল্পনাতে ডুবে থাকা,, ভালোবাসা মানে অন্যের মাঝে নিজের ছায়া দেখা।@,LOVE
 ভালোবাসা পরিমাপ এর একক হলো " বিশ্বাস "....একে অপরের প্রতি যত বেশি বিশ্বাস থাকবে,তাদের ভালবাসার পাল্লা তত ভারী হবে ।@,LOVE
যদি চাদঁ হতাম সারা রাত পাহারা দিতাম ! যদি জল হতাম-সারা দেহ ভিজিয়ে দিতাম। যদি বাতাস হতাম- তোমার কানে চুপি চুপি বলতাম- "আমি তোমাকে ভালবাসি"@,LOVE
মিষ্টি চাঁদের মিষ্টি আলো, বাসি তোমায় অনেক ভালো। মিটি মিটি তারার মেলা, দেখবো তোমায় সারাবেলা। নিশিরাতে শান্ত ভুবন, চাইবো তোমায় সারাজীবন।@,LOVE
রাত যেভাবেই আসুক, নীরবতা থাকবেই। চাঁদ যেভাবেই থাকুক জ্যোৎসনা ছড়াবেই। সূর্য যতই মেঘের আড়ালে থাকুক, পৃথিবীতে আলো আসবে। আর নিজেকে যতই লুকিয়ে রাখ না কেনো ভালোবাসা তোমাকে কাছে টানবেই।@,LOVE
তোমার মুখের হাসি টুকু লাগে আমার ভালো, তুমি আমার ভালবাসা বেঁচে থাকার আলো। রাজার যেমন রাজ্য আছে আমার আছ তুমি, তুমি ছাড়া আমার জীবন শূধু মরুভুমি@,LOVE
লাগবে যখন খুব একা, চাঁদ হয়ে দিবো দেখা .. মনটা যখন থাকবে খারাপ, স্বপ্নে গিয়ে করবো আলাপ .. কষ্ট যখন মন আকাশে, তাঁরা হয়ে জ্বলবো পাশে ।@,LOVE
প্রিয়জন যদি থাকে পাশে, মনে হয় পৃথিবীর সব সুখ আমারি কাছে। ভালোবাসা বুঝি তখনি সত্যি হয় , যখন ভালোবাসার মানুষটি মনের মত হয়।@,LOVE
 আমার ভালোবাসা সেদিন সার্থক হবে… যে দিন ভালোবাসার মানুষটি, ১ ফোটা চোখের জল ফেলে বলবে…আমি শুধু তোমাকেই ভালোবাসি।@,LOVE
টাপুর টুপুর বৃষ্টি লাগছে দারুন মিষ্টি, কী অপরুপ সৃষ্টি দেয় জুড়িয়ে দৃষ্টি, বৃষ্টি ভেজা সন্ধ্যায় তাজা ফুলের গন্ধয়ে, মনটা নাচে ছন্দে উতলা আনন্দে, প্রিয়তমা শুধু তোমার জন্য ।@,LOVE
 এক পৃথিবীতে চেয়েছি তোমাকে, এক সাগর ভালবাসা রয়েছে এ বুকে , যদি কাছে আসতে দাও, যদি ভালবাসতে দাও, এক জনম নয় লক্ষ জনম ভালবাসব তোমাকে.@,LOVE
ফুলে ফুলে সাজিয়ে রেখেছি এই মন, তুমি আসলে দুজনে সাজাবো জীবন, চোখ ভরা স্বপ্ন বুক ভরা আশা, তুমি বন্ধু আসলে দেবো আমার সব ভালবাসা..@,LOVE
যদি বৃষ্টি হতাম...... তোমার দৃষ্টি ছুঁয়ে দিতাম। চোখে জমা বিষাদ টুকু এক নিমিষে ধুয়ে দিতাম। মেঘলা বরণ অঙ্গ জুড়ে তুমি আমায় জড়িয়ে নিতে, কষ্ট আর পারতো না তোমায় অকারণে কষ্ট দিতে..!@,LOVE
ভালবেসে এই মন, তোকে চায় সারাক্ষন। আছিস তুই মনের মাঝে, পাশে থাকিস সকাল সাঝেঁ। কি করে তোকে ভুলবে এই মন, তুই যে আমার জীবন।। তোকে অনেক ভালবাসি ।@,LOVE
চোখে আছে কাজল কানে আছে দুল, ঠোট যেন রক্তে রাঙা ফুল, চোখ একটু ছোট ছোট মুখে মিষ্টি হাসি, এমন একজন মেয়েকে সত্যি আমি ভালোবাসি।@,LOVE
একটি প্রকৃত ভালবাসা হতে পারে , দৈহিক অথবা ঐশ্বরিক। সত্য ভালবাসা হচ্ছে এমন কিছু যা ,শাশ্বত ও অধিক শান্তিপূর্ন।@,LOVE
চোখের কি দোষ বলো , দেখতে চায় তোমাকে দৃষ্টির কি দোষ বোলো , ভালো লাগে তোমাকে মনের কি দোষ বোলো , মন চায় তোমাকে হৃদয়ের কি দোষ বোলো , ভালো লাগে তোমাকে আমার কি দোষ বোলো , ভালোবাসি তোমাকে@,LOVE
আমি মেঘের মতো চেয়ে থাকি , চাঁদের মতো হাসি  তারার মতো জলে থাকি , বৃষ্টির মতো কাদি  দূর থেকে বন্ধু শুধু তোমার কথা ভাবি।@,LOVE
সারা শহর খুঁজে বেড়াই   তোমার যদি দেখা পাই  চোখ বুঝলেই তোমায় দেখি খুলে দেখি তুমি নাই@,LOVE
তুমি জল ছুয়ো না , আমি তোমায় বৃষ্টি দেব তুমি ফুল নিয়ো না , আমি তোমায় বাগান দেব তুমি তারা খুঁজো না , আমি তোমায় চাঁদ দেব তুমি কষ্টে থেকো না , আমি তোমায় ভালোবাসা দেব@,LOVE
তুমি আমার রঙিন স্বপ্ন , শিল্পীর রঙের ছবি তুমি আমার চাঁদের আলো , সকাল বেলার রবি তুমি আমার নদীর মাঝে , একটি মাত্র  কূল তুমি আমার ভালোবাসার শিউলি বকুল ফুল@,LOVE
কিছু রাত স্বপ্নের , কিছু স্মৃতি কষ্টের কিছু কথা রাগের , কিছু কথা হৃদয়ের কিছু মানুষ মনের , কিছু ভালোবাসা চিরদিনের@,LOVE
যত ভালোবাসা পেয়েছি তোমার কাছ থেকে দুষ্ট এই মন চায় আরো বেশি পেতে কি জানি তোমার মধ্যে কি আছে   এই মন চায় তোমাকে আরো বেশি কাছে পেতে@,LOVE
আবার যদি বৃষ্টি নামে আমিই তোমার প্রথম হবো লেপ্টে যাওয়া শাড়ির মতো অঙ্গে তোমার জড়িয়ে যাবো@,LOVE
মানুষ মানুষের জন্য , পাখি আকাশের জন্য সবুজ প্রকৃতির জন্য , পাহাড় ঝর্ণার জন্য ভালোবাসা সবার জন্য আর তুমি শুধু আমার জন্য।@,LOVE
কিছু কথা কিছু পরিচয় ক্ষণিকের হয় কিছু ব্যাথা কিছু স্মৃতি ভোলার মতো নয় কিছু মানুষ কিছু বন্ধু  চিরদিনের নয়@,LOVE
নীল আকাশে তারার মেলা মদ্ধ রাতে কাদের খেলা  স্নিগ্ধ সকাল, শিশির ভেজা শুধু দেখো আমার প্রেমে কত মজা@,LOVE
নীলিমার অপেক্ষায় ওই নীল  মেঘের অপেক্ষায় ওই আকাশ রাতের অপেক্ষায় ওই চাঁদ বসন্তের অপেক্ষায় ওই কোকিল@,LOVE
তোমার জন্য স্বপ্ন দেখি তুমি আসবে বলে, তোমার জন্য অপেক্ষায় আছি তুমি ভালোবাসবে বলে।@,LOVE
ভালবাসা মানে আবেগের পাগলামি, ভালোবাসা মানে কিছুটা দুষ্টামি । ভালোবাসা মানে শুধু কল্পনাতে ডুবে থাকা,, ভালোবাসা মানে অন্যের মাঝে নিজের ছায়া দেখা ।@,LOVE
হৃদযের সীমানায় রেখেছি যারে, হয়নি বলা আজো ভালবাসি তারে। ভালবাসি বলতে গিয়ে ফিরে ফিরে আশি। কি করে বুঝাবো তারে আমি কতটা ভালোবাসি?@,LOVE
শীতের চাদর জড়িযে, কুয়াশার মাঝে দাড়িয়ে, হাত দুটো দাও বাড়িয়ে, শিশিরের শীতল স্পর্শে যদি শিহরিত হয় মন । বুঝেনিও আমি আছি তোমার পাশে সারাক্ষণ।@,LOVE
১ কোটি বছর আগে জন্মে ছিলো তোমার জন্য ভালোবাসা, এখনো অপেক্ষায় আছি তুমি ভালোবাসবে বলে। তোমাকে ধরতে আসিনি এসেছি ধরা দিতে..!@,LOVE
এর থেকেও তোমাকে বেশি ভালোবাসতে চাই , তুমি কি সেই অধিকার আমাকে দিবে ??@,LOVE
অজস্র স্বপ্নের ভিড়ে তোমায় দেখি  সমস্ত কল্পনা জুড়ে তোমার বসবাস, অজস্র কাব্য শুধু তোমায় নিয়ে লেখা , অফুরন্ত বন্ধুত্ব নিয়ে তোমার অপেক্ষা থাকা।@,LOVE
মন আছে বলে আজ ভালোবাসার খুব প্রয়োজন । স্বপ্ন আছে বলে আজ ভালোবাসার এত আয়োজন । একটা সুন্দর মনের দেখা পাবো বলে "অপেক্ষাই আছি সারাক্ষণ ।"@,LOVE
ভালবাসি আমি শুধুই তোকে আজ ও ঠিক সেই আগের মতই ।@,LOVE
মেয়েদের ভালবাসা আবেগ প্রবন  আর ছেলেদের ভালবাসা অব্যক্ত ।@,LOVE
ভালোবাসা তার জন্য যে ভালোবাসতে জানে .. মন তাকে দেওয়া যায়, যে অনুভব করতে জানে !.. বিশ্বাস তাকে কর, যে রাখতে জানে .. আর ভালোবাস তাকে, যে ভালোবাসা দিতে জানে..........@,LOVE
ভালোবাসা মানে তুমি কতবার ‘'তোমাকে ভালোবাসি'’ বলতে পারো তা নয়..., ভালোবাসা হলো তুমি কতবার ‘'তোমাকি ভালোবাসি'’ কথাটি প্রমান করতে পারো সেটা@,LOVE
যদি কখন আমি হারিয়ে যাই ঐ দূর তারার দেশে, তুমি কী তখনও খুজবে আমায় হাত বাড়িয়ে ভালবেসে...? যদি কোন দিন নিভে যায় আমার আশার প্রদীপ, তুমি কী তখন জ্বালাবে আলোর দ্বীপ...? যদি কখন আমি হারিয়ে যাই দূর দিগন্তে, তখনও কী আমি থাকবো তোমার মনের সীমান্তে...?@,LOVE
এই পারে যদিও মোদের, নাই বা হয় দেখা! ঐ পারে সঙ্গী হবো, ভেবো না তুমি একা! ভালবেসে তোমায় আমি, জীবন ও দিতে পারি! তোমায় পেলে সুখের সাথে ও, দেবো আমি আড়ি!@,LOVE
মনেতে আকাশ হয়ে রয়েছো ছড়িয়ে, বলনা কোথায় রাখি তোমায় লুকিয়ে। থাকি যে বিভোর হয়ে শয়নে স্বপনে॥ যেও না হৃদয় থেকে দূরে হারিয়ে, আমি যে ভালবাসি শুধু-ই তোমাকে॥@,LOVE
এই জীবনে সব পেয়েছি, পাইনি কারো মন জানিনা যে এই জীবনে, কে হবে আপন মনের মত চাই তারে, চাই তার মন হবে কি তুমি, আমার কাছের একজন॥@,LOVE
মহান কোন উপহার পাওয়া য়ায় না কোন দোকানে, পাওয়া য়ায় না কোন গাছের নিচে, সেটা পাওয়া শুধু পাওয়া য়ায় সত্যকারী ভালবাসার মানুষের মনে@,LOVE
ভালবাসা বুকের ভিতর হয়েছে নিঃশ্বাস, তোমার প্রেমে বেঁচে আছি এই তো বিশ্বাস । জান, আমার জান, তুমি আমার প্রাণের মাঝে প্রাণ ।@,LOVE
খুব নিশিতে কষ্ট হলে , মাথা রেখ চাঁদের কোলে , তবুও যদি কষ্ট থাকে চোখ রেখ আমার চোখে । কষ্ট রেখোনা বুকের মাঝে পাঠিয়ে দিও আমার কাছে ।@,LOVE
টিপ টিপ বৃষ্টি পড়ে, তোমার কথা মনে পড়ে। এ মন না রয় ঘরে, জানি না তুমি আসবে কবে! এ প্রান শুধু তোমায় ডাকে, আমায় ভালবাসবে বলে! ফুল হাতে থাকবো দাঁড়িয়ে, বলবো আমি তোমায় পেয়ে। সাত সমুদ্র পাড়ি দিয়ে পেয়েছি তোমায় খুঁজে...@,LOVE
সুন্দর সে তো স্বপ্ন চাইনা মলিন হবে। জীবন সে তো গল্প লিখনা নষ্ট হবে। মন সে তো মন্দির ভেঙ্গোনা পাপ হবে। ভালবাসা সে তো সত্য ভুল বুঝনা হারিয়ে যাবে।।@,LOVE
যতই দূরে হারিয়ে যাও , আমি তোমাকে খুঁজে বের করবোই । যতই পর ভাবো আমায় , আমি তোমাকে আপন করে নেবো । যতই ঘৃনা কর আমায় , আমি চিরদিন এভাবে তোমায় ভালবেসে যাবো । যতই পাষাণ হোক তোমার মন ,  ওই মনে আমার জন্যে ভালবাসার ফুল ফুটাবোই।@,LOVE
তুমি সেই কবিতা ! যা প্রতিদিন ভাবি.... লিখতে পারিনা॥ তুমি সেই ছবি! যা কল্পনা করি.... আঁকতে পারি না॥ তুমি সেই ভালবাসা! যা প্রতিদিন চাই.... কিন্তূ তা কখনো-ই পাই না॥@,LOVE
জীবন কারো জন্য থেমে থাকে না, কিন্তু মনটা মাঝে মাঝে থেমে যায়, প্রিয় মানুষটার জন্যে ...@,LOVE
ভালবাসা স্বপ্নীল আকাশের মত সত্য,,শিশির ভেজা ফুলের মত পবিত্র..কিন্তু সময়ের কাছে পরাজিত,,বাস্তবতার কাছে অবহেলিত..!!@,LOVE
প্রেম তুমি বরই কঠিন প্রেমে না পরলে বুঝা যায় না। প্রেম তুমি বরই কঠিন প্রেমে না পরলে জীবনকে  অনুভব করা যায় না ।@,LOVE
তুমি সেই স্বপ্নপরী যাকে নিয়ে স্বপ্ন দেখি।  তুমি সেই অনুভুতি যাকে আমার মন অনুভব করে।   তুমি সেই প্রেমিকা যার ভালবাসার ছন্দ প্রেমিক আমি।@,LOVE
হতে পার তুমি মন থেকে দুরে তথাপি রয়েছো মোর নয়ন পুরে॥ হয়তো তুমি নেই এই হৃদয়ে  তবুও রয়েছো পরশেরই ভিতরে।  কারণ ভালবাসি শুধুই তোমারে॥@,LOVE
চশমা পরা সেই দুচোখের মাতাল করা দৃষ্টি, মনজমিনে নামিয়ে ছিলো মুসল ধারায় বৃষ্টি। তোর ঠিকানায় আছি আমি মনপাড়াতে ঘুরি,  সেদিন থেকে যেদিন নিলি মনটা করে চুরি।@,LOVE
গভীর রাতে স্বপ্নের মাঝে দেখি তোমার ছবি, সেই ছবি দেখে দেখে তোমার কথা ভাবি। ভাবতে আমার ভাল লাগে শুধু তোমাকে, তোমার মাঝে হারিয়ে ফেলেছি আমি আমাকে।@,LOVE
তোমায় আমি ভালবাসি আমার জীবনের চেয়ে ও বেশি, তোমাকে দু:খ দেওয়ার জন্য কি তোমায় বেসেছি ভালো আমি। দুরে কখনো আমি যাব না কভু তোমায় ছেড়ে তোমার পাশেই  থেকেই আমি তোমায় ভালবেসে যাব সারাটি জীবন ধরে।@,LOVE
যে মানুষ হাজার কষ্টের মাঝেও তার প্রিয় মানুষ টিকে মনে রাখে। সে সত্যিকার অর্থে ঐ প্রিয় মানুষ টিকে ভালবাসে। সে তাকে কখনো ভুলতে পারে না।@,LOVE
ঝেড়ে ফেলো অভিমান, ছুঁয়ে দেখ এই প্রাণ। বন্ধ দুচোখের নিভু নিভু কালোয়, যে আলোয় ভেসে আসো তুমি। মনে হয়, মিশে যাই, তোমার আরো কাছে...@,LOVE
জানিনা এই অবুজ হৃদয় কার অপেক্ষাই আছে জানিনা এই সরল মনে কার জায়গা হবে শুধু জানি হৃদয়ের ঘরে যাকে রাখব সারা জীবন তাকেই ভালবাসবো.@,LOVE
তুমি যমুনা হলে হব আমি যমুনা ব্রিজ। তুমি চায়ের কাপ হলে হব চায়ের প্রিজ। তুমি জিবন হলে হব আমি প্রেম, তুমি দরজা হলে হব আমি দরজার ফ্রেম।@,LOVE
জীবনটা ধর সাগর, আর হৃদয় তার তীর। বন্ধু হলো সাগরের ঢেউ।  তোমার সাগরে অনেক ঢেউ থাকতে পারে  তবে ব্যাপার হল সবগুলো ঢেউ কি তীর স্পর্শ করতে পারে?@,LOVE
তুমি আছ বলে মন ফুরফুরে, সঙ্গে চিপস কুরকুরে। তুমি হাসো বলে বৃষ্টি রিমঝিম, কখনো পেপসি, কখনো আইসক্রিম। তুমি বন্ধু বলে এত পাগলামি, বন্ধু তুমি বড়ই হারামি।।@,LOVE
তোর জন্য আনতে পারি আকাশ থেকে তারা, তুই বললে বাচতে পারি অক্সিজেন ছাড়া। পৃথিবী থেকে লুটাতে পারি বন্ধু তোরি পায়, এবার তুই বল, এভাবে আর কত মিথ্যা বলা যায়!!!@,LOVE
তোমার বুকে নীলের আভা তুমিই মেঘবতী। ইচ্ছে করে তোমায় ছুঁতে আকাশ হতাম যদি…।@,LOVE
Sms করা ভুলে গেছ বুঝি? মিথ্যেই শুধু inbox খুঁজি। তখন কী রাগ হয় জানো? আকাশকে বলি বাজ হানো। কলমের কি শুকিয়েছে কালি? নাকি ভাষার ভাড়ার ঘর খালি? তাহলে লেখ না কেন শুনি? জানো না কী করে দিন গুনি।@,LOVE
মাটির কোনায় কোনায় জলের বসবাস । পাতার ফোকড়ে ফোকড়ে পাখির বসবাস । নদীর কুলে কুলে নৌকার বসবাস । পাহাড়ের মাঝে ঝরনার বসবাস । অগনিত তারার মাঝে চাঁদের বসবাস । মানুষের দেহের মাঝে আত্মার বসবাস ।আমার মনের মাঝে তোমার বসবাস ।@,LOVE
 যদি উপকার করতে না পার তাহলে ক্ষতি করো না, যদি ভালবাসতে না পার তাহলে প্রতারনা করো না, যদি মন দিতে না পার তাহলে মন ভেঙ্গনা। @,LOVE
ভালবাসা মানে দুঃখ সুখের খেলা ,ভালবাসা মানে নিজেকে অবহেলা ।ভালবাসা মানে অন্ধ পথে যাওয়া ,ভালবাসা মানে সব ছেড়ে চলে যাওয়া ।ভালবাসা মানে বিষের পেয়ালা পান করা,ভালবাসা মানে হায়াত থাকতে মরা ।ভালবাসা মানে বন্ধু সজন পর করা, ভালবাসা মানে বিনা বজ্রে ঝড় তোলা ।@,LOVE
যখন নিঝুম রাতে..... সব কিছু চুপ..... নিস্প্রাণ নগরিতে...... ঝিঝিরাও ঘুম..... আমি চাঁদের আলো হয়ে.... ...তোমার কালো ঘরে..... জেগে রই সারা নিশি....... হুমম...এতোটা...ভালোবাসি...... এতোটা...ভালোবাসি।@,LOVE
চোখে আছে কাজল কানে আছে দুল,ঠোট যেন রক্তে রাঙা ফুল,চোখ একটু ছোট মুখে মিষ্টি হাসি,এমন একজন মেয়েকে সত্যি আমি ভালোবাসি।@,LOVE
কটি প্রকৃত ভালবাসা হতে পারে দৈহিক অথবা ঐশ্বরিক| সত্য ভালবাসা হচ্ছে এমন কিছু যা শাশ্বত ও অধিক শান্তিপূর্ন|@,LOVE
আমার চোখে জল আর তোমার ঠোটে হাসি,, তারপরও আমি তোমাকেই ভালবাসি..!!@,LOVE
আজ হারিয়েছি, কাল খুঁজবো,, আজ পাইনি, কাল পাবো,, আজ হেরেছি, কাল জিতবো। আমি আবার ফিরে আসবো, ঠিক তোমার মনের মত।@,LOVE
যতই দূরে যাও না কেন ?আছি তোমার পাশে !যেমন করে বৃষ্টি ফোঁটা জড়িয়ে থাকে ঘাসে ?@,LOVE
যদি তুমি মনে করো সুখে নেই, সুখে নেই, সুখে নেই. তবে তুমি ফিরে আসো এখনো আগের মতো ভালবাসি তোমাকেই..!! ♥ ♥@,LOVE
পৃথিবীটা তোমারি থাক,পারলে একটু নীল দিও। আকাশটা তোমারি থাক,পারলে একটু তারা দিও। মেঘটা তোমারি থাক,শুধু একটু ভিজতে দিও।মনটা তোমারি থাক,পারলে একটু জায়গা দিও ॥@,LOVE
পৃথিবীর সব সুখ তখনি নিজের মনে হয়,যখন ভালোবাসার মানুষটি ভালোবেসে পাশে থাকে..আর তখনি নিজেকে অনেক ভাগ্যবান মনে হয় যখন ভালোবাসার মানুষটি বিশ্বাস দিয়ে বিশ্বাস রাখে ।@,LOVE
ভালোবাসা মানে নিল প্রজাপ্রতি.. ভালোবাসা মানে রুপালি উজান । ভালোবাসা মানে জোছনার গান । ভালোবাসা মানে উষ্ণ সুখের বরফ গলা নদী  ।@,LOVE
মন দিতে না পারলে মন ভেঙো না | সুখ দিতে না পারলে কষ্ট দিওনা | ভালবাসতে না পারলে অভিনয় করিও না | অভিনয় করে কারো জীবন নষ্ট করো না |@,LOVE
ভালোবাসা হল এমন একটি শ্বাস যাতে শুধু খাটে দুজনার বিশ্বাস এটি হল ছোট্ট সুখের বাসা তাইতো এর নাম রাখা হয়েছে ভালোবাসা ।@,LOVE
দুটি চোখের কান্নার মর্ম যদি কেউ বুঝতো । দুঃখের পিছনেও যে সুখ আছে সেটা যদি সবাই জানতো । ভালোবাসার মাঝে টক-ঝাল মিষ্টি এগুলো সবই আছেকিন্তু ভালোবাসার এসব অনেকের জীবনেও মিছে ।@,LOVE
তোমায় আমি বলতে চাই, তুমি ছাড়া প্রিয় আর কেহ নাই । ভালবাসি শুধু তোমায় আমি, জনম জনম ভালবাসতে চাই । জানাতে চাই- তোমায় আমিএ হৃদয়ে রয়েছ তুমি । তোমায় নিয়ে সারাক্ষণ, স্বপ্নের জাল বুনে যাই । ভালবাসি শুধু তোমায় আমি, জনম জনম ভালবাসতে চাই । জানতে চাই- আমি তোমার কাছেতোমার কী প্রিয় হৃদয় আছে ? পারো না কেন ?@,LOVE
ফুলের প্রয়োজন সূর্যের আলো, ভোরের প্রয়োজন শিশির, আর আমার প্রয়োজন তুমি, আমি তোমাকে ভালবাসি ।@,LOVE
ভালোবাসা তার জন্য যে ভালোবাসতে জানে .. মন তাকে দেওয়া যায়, যে অনুভব করতে জানে !.. বিশ্বাস তাকে কর, যে রাখতে জানে .. আর ভালোবাস তাকে, যে ভালোবাসা দিতে জানে.....@,LOVE
আমার ভালোবাসা সেদিন সার্থক হবে…যে দিন ভালোবাসার মানুষটি ১ফোটা চোখের জল ফেলে বলবে…আমি শুধু তোমাকেই ভালোবাসি ।@,LOVE
রাত গেল ঘুমে ঘুমে, হয়ে গেল ভোর । ঘুম থেকে উঠে পর, খুলে দাও ডোর । মনটা রাখ হাসি খুশি আজ সারা দিন, মন থেকে বলছি তোমাদের, *"শুভ সকাল"*..!@,LOVE
মন যদি আকাশ হত তুমি হতে চাঁদ,, ভালবেসে যেতাম শুধু হাতে রেখে হাত. সুখ যদি হৃদয় হত তুমি হতে হাসি,, হৃদয়ের দুয়ার খুলে দিয়ে বলতাম তোমায় ভালবাসি..!!@,LOVE
তোর হৃদয়ের মাঝখানে রাখবি আমায় বেঁধে ?ঠোঁট বাঁকিয়ে বললি হেসে "মাথা খারাপ !পাগল নেবো সেঁধে !"@,LOVE
একজন প্রেমিকের কাছে চন্দ্র হলো তার প্রেমিকার মুখ । আর জোছনা হলো প্রেমিকার দীর্ঘশ্বাস ।@,LOVE
এক ফোঁটা শিশিরের কারনেও বন্যা হতে পারে যদি বাসাটা পিঁপড়ার হয়,তেমনি এক চিমটি ভালবাসা দিয়ে ও সুখ পাওয়া যায়যদি সেই ভালবাসা খাঁটি হয়...@,LOVE
নদীর কষ্ট হয় পানি শূকিয়ে গেলে,গাছের কষ্ট হয় পাতা ঝড়ে গেলে,রাতের কষ্ট হয় চাঁদ ডুবে গেলে,আমার কষ্ট হয় বন্ধূ তুমি ভুলে গেলে...!@,LOVE
জানিনা ভালোবাসার আলাদা আলাদা নিয়ম আছে কিনা, তবে আমি কোন নিয়মে তোমাকে ভালবেসেছি তাও জানিনা, শুধু এইটুকু জানি আমি তোমাকে অনেক অনেক ভালোবাসি..@,LOVE
অনেক দিন পর তোমাকে দেখলাম___ তোমাকে দেখে থমকে দারিয়ে ছিলাম___ আমি খুব কস্টে নিজেকে সামলে নিলাম___ যখন তুমি আমাকে দেখে না দেখার ভান করলে তখন আমার দারুন লেগেছে ___ তোমাকে সেই অনুভুতির কথা বলে বুঝাতে পারবো না@,LOVE
অনেক ঝড়ের পরে, নীড়হারা, বিপর্যস্ত, কোন রকমে বেঁচে যাওয়া পাখির ন্যায় বলি- আমি ভালো আছি, বেশ ভালো !!!@,LOVE
আমার ভালোবাসায় কোনো জটিলতা ছিলোনা____ জটিলতা ছিলো তোমার মনের ভিতরে____ ভালোবাসা আমায় ছেড়ে চলে যায়নি____ তুমি আমাকে ছেড়ে চলে গেছো____@,LOVE
জানাতে চাই- তোমায় আমার এই হৃদয়ে রয়েছ তুমি । তোমায় নিয়ে সারাক্ষণ, স্বপ্নের জাল বুনে যাই । ভালবাসি শুধু তোমায় আমি, জনম জনম ভালবাসতে চাই ।@,LOVE
তোমায় আমি বলতে চাই, তুমি ছাড়া প্রিয় আর কেহ নাই । ভালবাসি শুধু তোমায় আমি, জনম জনম ভালবাসতে চাই।@,LOVE
কষ্ট ছাড়া কেউ অশ্রু ঝরাতে পারেনা ভালোবাসা ছাড়া কোনো স্বপ্ন হয়্না জীবনে একটা কথা মনে রেখো কাউকে কাদিয়ে নিজের স্বপ্ন সাজানো যায়্ না..@,LOVE
লাগবে যখন খুব একা, চাঁদ হয়ে দিবো দেখা ..মনটা যখন থাকবে খারাপ, স্বপ্নে গিয়ে করবো আলাপ ..কষ্ট যখন মন আকাশে, তাঁরা হয়ে জ্বলবো পাশে@,LOVE
মানুষের সবচেয়ে বড় দুর্বলতা হলো ভালবাসা, যার মধ্যে ভালোবাসা নেই তার কোনো দুর্বলতাও নেই, ভালোবাসার জন্য মানুষ সবকিছু ছেড়ে দেয় । আর সেই ভালোবাসা তার জন্য কাল হয়ে দাড়ায় !!!@,LOVE
প্রিয়জন যদি থাকে পাশে, মনে হয় পৃথিবীর সব সুখ আমারি কাছে । ভালোবাসা বুঝি তখনি সত্যি হয় , যখন ভালোবাসার মানুষটি মনের মত হয় ।@,LOVE
এক পৃথিবীতে চেয়েছি তোমাকে, এক সাগর ভালবাসা রয়েছে এ বুকে , যদি কাছে আসতে দাও, যদি ভালবাসতে দাও, এক জনম নয় লক্ষ জনম ভালবাসবো তোমাকে ।@,LOVE
 রাজার আছে অনেক ধন, আমার আছে একটি মন, পাখির আছে ছোট্র বাসা, আমার মনে একটি আশা, শুধু তোমায় ভালোবাসা@,LOVE
ফুলে ফুলে সাজিয়ে রেখেছি এই মন, তুমি আসলে দুজনে সাজাবো জীবন, চোখ ভরা স্বপ্ন বুক ভরা আশা, তুমি বন্ধু আসলে দেবো আমার সব ভালবাসা ।@,LOVE
দুর নিলীমায় রয়েছি তোমার পাশে । খুঁজে দেখ আমায় পাবে হৃদয়ের কাছে । শোনাবো না কোন গল্প,গাইবো শুধু গান । যে গানে খুঁজে পাবে ভালবাসার টান ।@,LOVE
ভালবাসার তালে তালে চলবো দুজন এক সাথে । কাছে এসে পাশে বসে মন রাখ আমার মনে। স্বপ্ন দেখ দুজন মিলে, ঘর করছি এক সাথে । আর কি লাগে পৃথিবীতে??? বউ আনবো ভালবেসে ।@,LOVE
তোমার মুখের হাসিটুকু লাগে আমার ভালো, তুমি আমার ভালবাসা বেঁচে থাকার আলো । রাজার যেমন রাজ্য আছে আমার আছ তুমি, তুমি ছাড়া আমার জীবন শূধু মরুভুমি ।@,LOVE
রাত যেভাবেই আসুক, নীরবতা থাকবেই । চাঁদ যেভাবেই থাকুক জ্যোৎসনা ছড়াবেই । সূর্য যতই মেঘের আড়ালে থাকুক, পৃথিবীতে আলো আসবে । আর নিজেকে যতই লুকিয়ে রাখ না কেনো ভালোবাসা তোমাকে কাছে টানবেই ।@,LOVE
একটা আকাশ বাতাসের জন্য, একটা সাগর নদীর জন্য, একটা ফুল ভোমরার জন্য, আর আমি শুধু তোমার জন্য ।@,LOVE
ফোন করতে পারিনা নাম্বার নাই বলে, খবর নিতে পারিনা সময় নাই বলে, দাওয়াত দিতে পারিনা বেশি খাও বলে, শুধু sms করি ভালবাসি বলে!@,LOVE
আৱসি, কোলা, লেমন-বন্ধু তুমি কেমন? চিড়া, মুড়ি, খই- বন্ধু তুমি কই?@,Prio_Bondhu
নরমাল হাতের সুইট লেখা । বন্ধু আমি ভেরী একা । চাঁদের গাঁয়ে জোসনা মাখা, মনটা আমার ভিষন ফাকা । ফাকা মনটা পূরণ কর, একটু আমায় স্বরন কর ।@,Prio_Bondhu
বন্ধু আমার "জানের জান SmS শুধু" পড়তে চান"' লিখতে গেলে"'মন আনচান'" ব্যালেন্স নিয়ে "'শুধু টেনশান' এই করে শুধু' টাকা বাচান" কিপটামী ছেড়ে' SmS পাঠান!@,Prio_Bondhu
দুঃখ তুমি প্রমিস করো, আমায় ছোবে না ! সুখ তুমি প্রমিস কর, আমায় ছাড়বে না ! চোখ তুমি প্রমিস কর, আমায় কাঁদাবে না ! আর বন্ধু তুমি প্রমিস কর, আমায় ভুলবে না..!@,Prio_Bondhu
বন্ধু তুমি একা হলে আমায় দিও ডাক, গল্প করবো তোমার সাথে আমি সারা রাত, তুমি যদি কষ্ট পাও,আমায় দিও ভাগ, তোমার কষ্ট শেয়ার করব, হাতে রেখে হাত....@,Prio_Bondhu
কিছু কিছু পাতা আছে হালকা বাতাসে ঝরে যায়. কিছু কিছু ফুল আছে একটু গরমে শুকিয়ে যায়. আর কিছু কিছু বন্ধু আছে যারা একটু অভিমানে ভুলে যায়।@,Prio_Bondhu
ফুল ফুটে কি হবে, একদিন তো ঝরে যাবে।স্বপ্ন দেখে কি হবে, সকালে তো ভেংগে যাবে। বন্ধু ভেবে কি হবে, বন্ধু তো ভুলে যাবে।@,Prio_Bondhu
বন্ধু তোমায় খুব বেশি মনে পড়ে ,যেন পৃথিবীর সব হারিয়ে ফেলি,একবার তুমি চোখের আড়াল হলে।বন্ধু তুমি আমার ভালবাসার বাঁধন ,আছো তুমি থাকবে ভালবাসায়,আমার হৃদয়ে হাজার জনম জনম।@,Prio_Bondhu
বন্ধু তুমি আপন হয়ে,, বাধলে বুকে ঘর.. কষ্ট পাব আমায় যদি,, করে দাও পর.. সুখের নদী হয়না যেন,, দুঃখের বালু চর.. সব সময় নিও বন্ধু আমার খবর..!!@,Prio_Bondhu
যে বন্ধু সুদিনে ভাগ বসায়,, আর দুর্দিনে ত্যাগ করে চলে যায়,, সেই তোমার সবচেয়ে বড় শত্রু..!@,Prio_Bondhu
বন্ধু... কথাটি খুব ছোট্ট হলেও গভীরতা আকাশ সমান বিশাল । জীবনের প্রতিটি পদক্ষেপে আমরা একা নই । চলার পথের বন্ধুর রাস্তা গুলো বন্ধু বিনে চলা প্রায় অসম্ভব। তাই শুধু বন্ধু হলেই পুরন হলেই হবেনা বন্ধুত্বের পুর্ন দাবী, হতে হবে বন্ধুর মতো বন্ধু। কথায় আছে Friends Never Die. বন্ধু কখনো মরেনা।@,Prio_Bondhu
""ভালবাসা তৈরী হয় ভাললাগা থেকে,""স্বপ্ন তৈরী হয়, কল্পনা থেকে ""অনুভব তৈরী হয় অনুভূতি থেকে, " "আর বন্ধুত্ব তৈরী হয় মনের গভীর থেকে।@,Prio_Bondhu
ভালো একজন বন্ধু যতোই ভুল করুক , তাকে কখন্ও ভুলে যেও না। কারন, পানি যতোই ময়লা হোক, আগুন নিভাতে সেই পানিই ,সবচেয়ে বেশি কাজে লাগে।@,Prio_Bondhu
হয়তো সময় যাবে থেমে, হয়তো সুর্য যাবে ডুবে, হয়তো কেউ রবে না পাশে, ভয় পেয়ো না তুমি হবেনা একা, হাত বাড়ালেই পাবে তুমি , তোমার বন্ধুর দেখা।@,Prio_Bondhu
দিন যদি হারিয়ে যায়, দিগন্তের কাছে। ফুল যদি ঝরে যায়, বেলার শেষে। রাত যদি হারিয়ে যায়, তারার দেশে, জেনে রেখো, আমি বন্ধু থেকে যাবো তোমার পাশে।@,Prio_Bondhu
সত্যিকারের বন্ধু আর ছায়ার মাঝে অনেকটাই মিল আছে। কারণ, সত্যিকারের বন্ধু সুখে -দুখে ছায়ার মতোই পাশে থাকে।@,Prio_Bondhu
বন্ধু বলে ডাকো যারে, সে কি তোমায় ভুলতে পারে, যেমন ছিলাম তোমার পাশে, আজও আছি ভালোবেসে ।@,Prio_Bondhu
একদিন হয়তো চলে যাবো পূথিবীর শেষ সিমানায়, সে দিন ও দেখবে তুমি আছি তোমার কিনারাই, হয়তো বলবে কথা, বলবো নাকো আমি, পারলে দিও মনে একটু জায়গা যেথাই থাকব আমি। বন্ধু বল আমায় মনে রাখবে কি তুমি?@,Prio_Bondhu
যে মানুষটি তোমার বিপদের সময় এড়িয়ে, সুখের সময় কাছে থাকে, সে তোমার প্রকৃত বন্ধু হতে পারেনা।, বরং যে মানুষটি তোমার বিপদের সময় পাশে থাকে, সেই তোমার প্রকৃত বন্ধু।@,Prio_Bondhu
হারিয়ে যাব একদিন আকাশের এককোণে, পাবেনা আমায় সেদিন খুঁজবে সব খানে, হাসবো সেদিন ভাসবো তোমার চোখের জ্বলে, সেদিন বুঝবে বন্ধু কাকে বলে ?@,Prio_Bondhu
কে গো তুমি নাম কি গো তোমার, তুমি কী পাগল না পাগলি,পর কী শার্ট না শাড়ি,মুখে কী মেকাপ না দাড়ি,হাতে কি ব্যাসলেট না ঘড়ি,তুমি কি নর না নারী, তুমি কি জিন না পরি, আমি কি তোমার বন্ধু হতে পারি?@,Prio_Bondhu
সত্যিকারের বন্ধু জীবন থেকে, হারিয়ে যেতে পারে, কিন্তু মন থেকে নয়। সত্যিকারের ভালোবাসার মানুষ জীবন থেকে চলে যেতে পারেকিন্তু হৃদয় থেকে নয়।@,Prio_Bondhu
আমি সেই বৃষ্টি চাইনা, যে বৃষ্টিতে বন্যা হয়,আমি সেই আকাশ চাইনা,যে আকাশ মেঘলা হয়,আমি এমন বন্ধু চাইনা যে ,নতুন কাউকে পেয়ে আমাকে ভুলে যাবে@,Prio_Bondhu
আমি মুছে দিবো তোর চোখের জল,বন্ধু ভেবে সব কিছু আমায় খুলে বল।সুখ দুঃখের সাথী হয়ে রব তোর সাথে,এইটুকু বিশ্বাস থাকলে হাত রাখ হাতে।@,Prio_Bondhu
মানুষের জীবনে এমন কিছু সময় আসে,যখন নিজেকে অসহায় মনে হয়,,তখন নিঃস্বাথ্র্ ভাবে যে পাশে দাড়ায় , সে হল সত্যিকারের _"বন্ধু"_@,Prio_Bondhu
 আমি মেঘের মতো চেয়ে থাকি, চাঁদের মতো হাসি,তারার মতো জ্বলে থাকি, বৃস্টির মতো কাঁদি, দূর থেকে বন্ধু আমি শুধু তোমার কথা ভাবি।@,Prio_Bondhu
বন্ধু তোকে কাছে না পাওয়ার যন্ত্রনা যে কি,তোর হলে তুই বুজতিস, তোকে দোষ দিবনা,দোষ আমারি, আমি তোকে আমার ভালোবাসা দিয়েআগলে রাখতে পারিনি , তাই ছুটে চলিস বহুদূরে…@,Prio_Bondhu
চোখের আড়াল মানে হারিয়ে যাওয়া নয়,হারিয়ে গেলে খুজে নিতে হয়,খুজে না পেলে হাত বাড়াতে হয়,হাত ধরে বুঝে নিতে হয়, আসল বন্ধু কয়জন এ বা হয়।@,Prio_Bondhu
চোখের আড়াল মানে হারিয়ে যাওয়া নয়,হারিয়ে গেলে খুজে নিতে হয়,খুজে না পেলে হাত বাড়াতে হয়,হাত ধরে বুঝে নিতে হয়,আসল বন্ধু কয়জন এ বা হয়।@,Prio_Bondhu
ফুলে ফুলে ভরে যাক তোমার ভুবন,রংধনুর মতো সাত রং এ রাঙ্গুক তোমার জীবন ।দুঃখ কষ্ট গুলো হারিয়ে যাক দুর অজানার দেশে ।তোমার জীবন যেনো সুখের সাগরে ভাসে ।এই কামনা করি আমি বিধাতারি কাছে ।@,Prio_Bondhu
আকাশের জন্য নীলিমা, চাঁদের জন্য পূর্নিমা,পাহাড়ের জন্য ঝর্না, নদীর জন্য মোহনা,আর তোমাদের জন্য রইলো "শুভ কামনা "@,Prio_Bondhu
যাচ্ছো দূরে যাও তুমি বাধা দেবো না ।যতো বাধাই আসুক পথে ভয় পেও না ।তোমার জন্য রইল অনেক শুভ কামনা ।@,Prio_Bondhu
তোমার দেওয়া ভালোবাসার কারণে আমারজীবন থমকে দাড়িয়েছে____এমন তো কথা ছিলো না তবে কেনোতুমি আমার সাথে এমন করলে?জানি তুমি আমার কথার জবাব দিতে পারবে না____ তবু ও বলবো ভালো থেকো@,Prio_Bondhu
সুর্যের বন্ধুত্ব সকাল থেকে সন্ধা পর্যন্ত,  চাঁদের বন্ধুত্ব সন্ধা থেকে সকাল পর্যন্ত,  কিন্তু আমার বন্ধুত্ব শুরু থেকে শেষ নিশ্বাস পর্যন্ত!@,Prio_Bondhu
সকাল হলে এসো তুমি , শিশির কণা হয়ে .. সন্ধ্যা হলে এসো তুমি , রক্ত জবা হয়ে .. রাত হলে জ্বলো তুমি , জোনাকি হয়ে .. সারা জীবন থেকো তুমি , আমার বন্ধু হয়ে ।@,Prio_Bondhu
রাত সুন্দর চাঁদ উঠলে, দিন সুন্দর সূর্য উঠলে, বাগান সুন্দর ফুল ফুটলে, আর জীবন সুন্দর তোমার মত ভাল একটা বন্ধু থাকলে।@,Prio_Bondhu
বন্ধু তুমি একা হলে আমায় দিও ডাক, গল্প করব তোমার সাথে আমি সারারাত "তুমি যদি কষ্ট পাও, আমায় দিও ভাগ, তোমার কষ্ট শেয়ার কর, হাতে রেখে হাত.........@,Prio_Bondhu
আরও একবার না হয়, বন্ধু হবো তোর হাতটি ধরে, আরও একবার বাসবো ভাল তোর মত করে, আরও একবার না হয় চিল হলি, আমার চিলের কোঠায়, আর হারাস না বন্ধু প্লিজ, খুঁজব তোরে কোথায়?@,Prio_Bondhu
বন্ধু তোমায় আকাশ দেব দেব ফুলের মালা, তুমি শুধু মনে রেখো আমায় সারা বেলা। চোখের কান্না মুছে দেব দেব তোমায় হাসি, তাই তো আমি বন্ধু তোমায় এতো ভালবাসি।@,Prio_Bondhu
দুঃখ আছে বলে সুখের এত দাম , রাত আছে বলে দিনের এত সুনাম, সূর্য আছে বলে চাঁদের এত অভিমান , আর বন্ধু তোমরা আছ বলে আমি এই কবিতা লিখলাম ।@,Prio_Bondhu
রাতে যেমন চন্দ্র থাকে সঃঙ্গে হাজার তাঁরা__কে আছে আর আঁপন আমার বন্ধু তুমি ছাড়া ।@,Prio_Bondhu
ভালবাসি বাংলা , ভালবাসি দেশ । ভাল থেকো তুমি আমি আছি বেশ । ভালবাসি কবিতা , ভালবাসি সুর । কাছে থেকো বন্ধু যেও নাক দূর ।@,Prio_Bondhu
কিছু রাত স্বপ্নের, কিছু স্মৃতি কষ্টের,কিছু সময় আবেগের, কিছু কথা হূদয়ের, কিছু মানুষ মনের, কিছু বন্ধু চিরদিনের । সকাল তো অনেক হয় বর্ষার মতো নয়, সময় তো অনেক হয় গোধূলীর মতো নয়, রাত তো অনেক হয় পূর্নীমার মতো নয়, বন্ধু তো অনেক হয় তোমার মতো নয়।@,Prio_Bondhu
দুঃখ তুমি প্রমিস করো, আমায় চুবে না। সুখ তুমি প্রমিস কর, আমায় ছাড়বে না। চোখ তুমি প্রমিস কর, আমায় কাঁদাবে না। আর বন্ধু তুমি প্রমিস কর, আমায় ভুলবে না..!!@,Prio_Bondhu
বন্ধুত্ব এবং গোলাপের মধ্যে সবচেয়ে বড় পার্থক্য হলো এই যে, গোলাপ কিছুক্ষণের জন্য টিকে থাকে... কিন্তু বন্ধুত্ব হলো চিরন্তন !!!বন্ধু মানে সুখের সাথী। বন্ধু মনে রাগ। বন্ধু মানে দুঃখ সূখের সমান সমান ভাগ। বন্ধু মানে হালকা হেসে চোখের কোনের জল। বন্ধু মানে মনে পরলে একটা ছোট কল।@,Prio_Bondhu
তুমি কি জান ফুল কেন ফুটে? “তুমি দেখবে বলে”। তুমি কি জান আকাশ কেন কাঁদে? “তোমার মন খারাপ বলে”। তুমি কি জান তোমাকে সবাই পছন্দ করে কেন? “তুমি খুব ভাল বলে”। তুমি কি জান তুমি এত ভালো কেন? “তুমি আমার বন্ধু ” বলে।@,Prio_Bondhu
বুকের ভিতর মন আছে, মনের ভিতর তুমি , বন্ধু হয়ে তোমার হৃদয়ে থাকতে চাই আমি...@,Prio_Bondhu
বন্ধু তুমি আমার হৃদয়ের বাধন, আছো তুমি, থাকবে আমার....মিশে এ হৃদয়ে সারাটি জীবন । বন্ধু তুমি আমার ভোরেরপাখি, হারিয়ে গেলে কভু দূর অজানায় আমায় তুমি খুজে নিবে নাকি? বন্ধু তুমি আমার আশার আলো, দুই নয়নে তুমি ছাড়া আমি....যেন দেখি সব আধার কালো..।@,Prio_Bondhu
বন্ধু তোমায় খুব বেশি মনে পড়ে যেন পৃথিবীর সব হারিয়ে ফেলি, একবার তুমি চোখের আড়াল হলে। বন্ধু তুমি আমার ভালবাসার বাঁধন আছো তুমি থাকবে ভালবাসায়, আমার হৃদয়ে হাজার জনম জনম।@,Prio_Bondhu
বন্ধু তুমি আপন হয়ে,, বাধলে বুকে ঘর.. কষ্ট পাব আমায় যদি,, করে দাও পর.. সুখের নদী হয়না যেন,, দুঃখের বালু চর.. সব সময় নিও বন্ধু আমার খবর..!!@,Prio_Bondhu
তুমি কখনও বন্ধুত্বকে কিনতে পারবে না,তুমি এটা উপার্জন করে নাও। কেউ যদি সাহায্যের জন্য আসে,তখন তুমি সত্যিকার বন্ধু হয়ে যেও।@,Prio_Bondhu
ভালবাসা তৈরী হয় ভাল লাগা থেকে," "স্বপ্ন তৈরী হয়,কল্পনা থেকে" "অনুভব তৈরী হয় অনুভূতি থেকে,""আর বন্ধুত্ব তৈরী হয় মনের গভীর থেকে।@,Prio_Bondhu
*বন্ধু আমার- জানের জান--SmS শুধু- পড়তে চান--লিখতে গেলে- মন আনচান--ব্যালেন্স নিয়ে - শুধু টেনশান--এই করে শুধু- টাকা বাচান--কিপটামী ছেড়ে- SmS পাঠান!**@,Prio_Bondhu
**বন্ধু...কথাটি খুব ছোট্ট হলেওগভীরতা আকাশ সমান বিশাল ।জীবনের প্রতিটি পদক্ষেপে..আমরা একা নই ।চলার পথের বন্ধুর রাস্তা গুলো..বন্ধু বিনে চলা প্রায় অসম্ভব।তাই শুধু বন্ধু হলেই পুরন হবেনা..বন্ধুত্বের পুর্ন দাবী,@,Prio_Bondhu
নরমাল হাতের সুইট লেখা ।বন্ধু আমি ভেরী একা ।চাঁদের গাঁয়ে জোসনা মাখা,মনটা আমার ভিষন ফাকা ।ফাকা মনটা পূরণ কর,একটু আমায় স্বরন কর ।@,Prio_Bondhu
**দুঃখ তুমি প্রমিস করো,আমায় ছোবে না ! সুখ তুমি প্রমিস কর, আমায় ছাড়বে না ! চোখ তুমি প্রমিস কর, আমায় কাঁদাবে না ! আর বন্ধু তুমি প্রমিস কর, আমায় ভুলবে না..**@,Prio_Bondhu
**বন্ধু তুমি একা হলে আমায় দিও ডাক, গল্প করবো তোমার সাথে আমি সারা রাত, তুমি যদি কষ্ট পাও,আমায় দিও ভাগ, তোমার কষ্ট শেয়ার করব,হাতে রেখে হাত... বন্ধু দিবসের শুভেচ্ছা@,Prio_Bondhu
**কিছু কিছু পাতা আছে..হালকা বাতাসে ঝরে যায়,কিছু কিছু ফুল আছে..একটু গরমে শুকিয়ে যায়,আর কিছু কিছু বন্ধু আছে..একটু অভিমানে ভুলে যায়।**@,Prio_Bondhu
**ফুল ফুটে কি হবে, একদিন তো ঝরে যাবে। স্বপ্ন দেখে কি হবে, সকালে তো ভেংগে যাবে। বন্ধু ভেবে কি হবে, বন্ধু তো ভুলে যাবে।**@,Prio_Bondhu
**বুকের ভিতর মন আছে মনের ভিতর তুমি বন্ধু হয়ে তোমার হৃদয়ে থাকতে চাই আমি..**@,Prio_Bondhu
**বন্ধু তোমায় খুব বেশি মনে পড়ে যেন পৃথিবীর সব হারিয়ে ফেলি, একবার তুমি চোখের আড়াল হলে। বন্ধু তুমি আমার ভালবাসার বাঁধন আছো তুমি থাকবে ভালবাসায়, আমার হৃদয়ে হাজার জনম জনম।**@,Prio_Bondhu
**বন্ধু তুমি আপন হয়ে, বাধলে বুকে ঘর, কষ্ট পাব আমায় যদি, করে দাও পর। সুখের নদী হয়না যেন.. দুঃখের বালু চর। সব সময় নিও বন্ধু তুমি  আমার খবর..!!**@,Prio_Bondhu
**যে বন্ধু সুদিনে ভাগ বসায়.. আর দুর্দিনে ত্যাগ করে চলে যায়,  সেই তোমার সবচেয়ে বড় শত্রু..**@,Prio_Bondhu
**তুমি কখনও বন্ধুত্বকে কিনতে পারবে না, তুমি এটা উপার্জন করে নাও। কেউ যদি সাহায্যের জন্য আসে, তখন তুমি সত্যিকার বন্ধু হয়ে যেও।**@,Prio_Bondhu
পৃথিবীতে সবচেয়ে মূল্যবান।। হলো খাঁটি বন্ধুত্ব, যদি বন্ধু ভালো হয়- তাহলে সেখানে, অশ্রুর কোনো ঠাই নেই।।**@,Prio_Bondhu
ভালবাসা তৈরী হয় ভাললাগা থেকে, স্বপ্ন তৈরী হয়,কল্পনা থেকে, অনুভব তৈরী হয় অনুভূতি থেকে, আর বন্ধুত্ব তৈরী হয় মনের গভীর থেকে।**@,Prio_Bondhu
**ভালো একজন বন্ধু যতোই ভুল করুক, তাকে কখন্ও ভুলে যেও না। কারন,পানি যতোই ময়লা হোক,আগুন নিভাতে সেই পানিই  সবচেয়ে বেশি কাজে লাগে।**@,Prio_Bondhu
**নদীর পারে আমি একা..নদী চলে আঁকা বাঁকা...আমি বন্ব্দু বড়ো একা...এখন ভাবছি তোমার কথা...তোমার সাথে আমার কিগো..কখনো হবেনা দেখা ?@,Prio_Bondhu
**আকাশ দেখেছি.. নদী দেখেছি..দেখেছি অনেক তারা..দেখেনি আজও ফেসবুকে আমার..আসল বন্ধু কারা...!**@,Prio_Bondhu
**হয়তো সময় যাবে থেমে,হয়তো সুর্য যাবে ডুবে,হয়তো কেউ রবে না পাশে,ভয় পেয় না তুমি হবেনা একা,হাত বাড়ালেই পাবে তুমি  তোমার বন্ধুর দেখা।**@,Prio_Bondhu
**দিন যদি হারিয়ে যায়,দিগন্তের কাছে। ফুল যদি ঝরে যায়,বেলার শেষে।রাত যদি হারিয়ে যায়,তারার দেশে। জেনে রেখো,আমি বন্ধু থেকে যাবো তোমার পাশে।**@,Prio_Bondhu
**সত্যিকারের বন্ধু আর ছায়ার মাঝে।। অনেকটাই মিল আছে। কারণ, সত্যিকারের বন্ধু সুখে - দুখে ছায়ার মতোই পাশে থাকে।**@,Prio_Bondhu
**বন্ধু বলে ডাকো যারে, সে কি তোমায় ভুলতে পারে, যেমন ছিলাম তোমার পাশে, আজও আছি ভালোবেসে ।**@,Prio_Bondhu
**একদিন হয়তো চলে যাবো.. পূথিবীর শেষ সিমানায়, সে দিন ও দেখবে তুমি আছি তোমার কিনারাই, সৃতি হয়তো বলবে কথা, বলব নাক আমি, পারলে দিও মনে একটু জায়গা..যেথায় থাকব আমি। বন্ধু বল আমায় মনে রাখবে কি তুমি?**@,Prio_Bondhu
**নয়ন জলে ভাসিয়ে দুচোখ.. কাঁদছো কেনো তুমি- এই দেখো তোমার পাশে.. দাড়িয়ে আছি আমি- তোমার চোখের এক ফোটা জল..পড়বে নাকো নিচে- যতো দিন আমি বন্ধু.. আছি তোমার পাশে|**@,Prio_Bondhu
**যে মানুষটি তোমার বিপদের সময় এড়িয়ে, সুখের সময় কাছে থাকে। সে তোমার প্রকৃত বন্ধু হতে পারেনা। বরং যে মানুষটি তোমার বিপদের সময় পাশে থাকে, সেই তোমার প্রকৃত বন্ধু।**@,Prio_Bondhu
**হারিয়ে যাব একদিন আকাশের এককোণে, পাবেনা আমায় সেদিন খুঁজবে সব খানে, হাসবো সেদিন ভাসবো তোমার চোখের জ্বলে, সেদিন বুঝবে বন্ধু কাকে বলে ?**@,Prio_Bondhu
কে গো তুমি নাম কি গো তোমার, তুমি কী পাগল না পাগলি, পর কী শার্ট না শাড়ি, মুখে কী মেকাপ না দাড়ি, হাতে কি ব্যাসলেট না ঘড়ি, তুমি কি নর না নারী, তুমি কি জিন না পরি, আমি কি তোমার বন্ধু হতে পারি?**@,Prio_Bondhu
**বছরের পর বছর চলে যাবে, চোখের অশ্রু শুকিয়ে যাবে, কিন্তু তোমার আমার বন্ধুত্ব কখনই শেষ হবে না।**@,Prio_Bondhu
**ভালো বন্ধু হলো সেই, যে আপনাকে আপনার মায়ের মতোই.. যত্নে আগলে রাখবে, পিতার মতো শাসন করবে.. বোনের মতো খুনসুটি, ভাইয়ের মতো জ্বালাবে.. আর ভালবাসবে.. আপনার প্রেমের মানুষের থেকেও বেশী।**@,Prio_Bondhu
**সত্যিকারের বন্ধু জীবন থেকে হারিয়ে যেতে পারে, কিন্তু মন থেকে নয়। সত্যিকারের ভালোবাসার মানুষ জীবন থেকে চলে যেতে পারে, কিন্তু হৃদয় থেকে নয়।**@,Prio_Bondhu
**বন্ধু তুই কোথায় গেলি - আমাকে না বলে.. আমি আজ চেয়ে আছি.. তোর পথের পান.. জানি তুই আসবি ফিরে- একদিন হঠাৎ করে.. সে দিন ও দেখবি বন্ধু.. আমি যাই নিই তোকে ভুলে।**@,Prio_Bondhu
**আমি সেই বৃষ্টি চাইনা, যে বৃষ্টিতে বন্যা হয়, আমি সেই আকাশ চাইনা, যে আকাশ মেঘলা হয়, আমি এমন বন্ধু চাইনা যে নতুন কাউকে পেয়ে আমাকে ভুলে যাবে**@,Prio_Bondhu
**আমি মুছে দিবো তোর চোখের জল, বন্ধু ভেভে সব কিছু আমায় খুলে বল। সুখ দুঃখের সাথী হয়ে রব তোর সাথে  এইটুকু বিশ্বাস থাকলে হাত রাখ হাতে।**@,Prio_Bondhu
**মানুষের জীবনে এমন কিছু সময় আসে যখন নিজেকে অসহায় মনে হয়, তখন নিঃস্বাথ্র্ ভাবে যে পাশে দাড়ায় সে হল সত্যিকারের - বন্ধু** **আমি মেঘের মতো চেয়ে থাকি, চাঁদের মতো হাসি, তারার মতো জ্বলে থাকি, বৃস্টির মতো কাঁদি,দূর থেকে বন্ধু আমি শুধু তোমার কথা ভাবি।**@,Prio_Bondhu
**বন্ধু.....তোকে কাছে না পাওয়ার যন্ত্রনা যে কি তোর হলে তুই বুজতিস, তোকে দোষ দিবনা, দোষ আমারি, আমি তোকে আমার ভালোবাসা দিয়ে আগলে রাখতে পারিনি, তাই ছুটে চলিস বহুদূরে...**@,Prio_Bondhu
**ব্ন্ধু মানে...জোসনা ভেজা গলপো বলা রাত..বন্ধু মানে...ভালোবাসার শিক্ত দুটি হাত..বন্ধু মানে...মনের যত গোপন কথা বলা..বন্ধু মানে...তোমার সাথে সারা জীবন চলা..**@,Prio_Bondhu
**আমি ১টা দিন চাই, আলয় আলয় ভরা। আমি ১টা রাত চাই, অন্ধকার ছারা। আমি ১টা ফুল চাই, সুন্দর সুবাস ভরা। আর ১টা ভাল বন্ধু চাই  সবার চেয়ে সেরা…@,Prio_Bondhu
*সবাই আমার বুন্ধু নয়। আবার,আমার বুন্ধু সবার মত নয়। সে আমার কথা মনে রাখে শত কাজের ভিরে। ফ্রী হলে ডাকি ও আমায়, আছি আমি তুমার দুয়ারে..**@,Prio_Bondhu
সেই প্রকৃত বন্ধু যে বন্ধুর চোখের প্রথম ফোটা পানি দেখে দ্বিতীয় ফোটা পরার আগে ধরে ফেলে আর ৩য় ফোটা পরার আগে তা হাঁসিতে পরিনত করে ...**@,Prio_Bondhu
চোখের আড়াল মানে হারিয়ে যাওয়া নয়, হারিয়ে গেলে খুজে নিতে হয়, খুজে না পেলে হাত বাড়াতে হয়, হাত ধরে বুঝে নিতে হয়, আসল বন্ধু কয়জন এ বা হয়।**@,Prio_Bondhu
সম্পর্ক অনেক থাকে। কিন্তু তার মধ্যে খুঁজে নিতে হয় প্রকৃত বন্ধুকে।@,Prio_Bondhu
আমি ১টা দিন চাই আলোয় আলোয় ভরা। আমি ১টা রাত চাই, অন্ধকার ছাড়া । আমি ১টা ফুল চাই, সুন্দর সুবাস ভরা। আর ১টা ভাল বন্ধু চাই সবার চেয়ে সেরা…@,Prio_Bondhu
ফুল তো বাগানের তবে হাতে কেনো?  চাঁদ তো আকাশে তবে জলে কেনো? জল তো সাগরে, তবে চোখে কেনো? মন তো আমার তবে বার বার তোমাকে মনে পরে কেনো?@,MISSING SMS
প্রতিক্ষণে পড়ে মনে তোমার কথা, তোমার জন্য আমার এতো ব্যাকুলতা। হারিয়ে যাই ভাবনার সাগরে তোমায় ভেবে। মনের ঘরে স্বপ্ন সাজাই তোমায় নিয়ে। কেনো থাকো আমায় ছেঁড়ে দূরে দূরে, আমিতো পারিনা এক মুহূর্ত থাকতে তোমায় ভুলে। তুমি হীনা নিঃশ্ব লাগে নিজেকে। শুন্যতা আসে নেমে এই হৃদয় জুড়ে।@,MISSING SMS
আমাদের চাওয়া পাওয়া পুড়ে পুড়ে হলো ছাই হায় হৃদয়ের ঋন,শুধু হৃদয়ে বাড়াই মনে কি পরে না স্মৃতির ফুল তোলা সোনালী সুতোয় বোনা হারানো সে দিন মনে কি পরে না রোদেলা সুখে দুজনে ছিলাম কত কাছাকাছি মনে কি পরে না,মনে কি পরে না......@,MISSING SMS
মানুষের জীবনে চাওয়ার শেষ নেই স্বপ্নের সমাপ্তি নেই, আকুলতার অন্তি নেই আমার চাওয়া তুমি স্বপ্ন তুমি ,আমার সব আকুলতা শুধু তোমার মাঝে আমার জীবন শুধু তোমাকে ঘিরে॥@,MISSING SMS
এখন ও তোমায় খুঁজি হাজার লোকের ভিড়ে, এখন ও তোমার সেই আসন! আমার হৃদয় জুড়ে, হৃদয় জুড়ে অস্থিরতা এখনও আমি বুঝি, লোকালয় ছেঁড়ে নির্জনেতে তোমায় খুঁজি..... ___আই মিসস ইউ@,MISSING SMS
যখন তোমাকে খুব মিস করি,, তখন ঐ আকাশের দিকে তাকিয়ে থাকি.. জানি সেখানে তোমাকে দেখব না.. কিন্তূ এই ভেবে শান্তনা পাই যে,, দুজনে এক আকাশের নিচেই তো আছি....@,MISSING SMS
আনমনে ভাবতে থাকি,, কোথায় যেন হারিয়ে যাই। তখন তোমাকে কাছে পাবার বাসনা খুব তীব্র হয়।@,MISSING SMS
মাঝে মাঝে তোমার কথা ভেবে আমার চোখে পানি এসে পড়ে ... এতটা  করি তোমাকে ... আবার সাথে সাথে যখন তোমার সাথে কাটানো প্রিয় মুহূর্ত গুলোর কথা মনে পড়ে ,, তখন আমি কান্না ভেজা চোখেই হেসে উঠি....@,MISSING SMS
গোলাপকে ছিড়তে গেলে কাঁটা লাগে হাতে, মনের মানুষকে ভুলতে চাইলে ব্যথা লাগে বুকে, তাই শত কষ্টের মাঝে মনে রাখতে চাই তোমাকে.@,MISSING SMS
তোমার হারানো স্মৃতি আমাকে এখনো কাঁদায়, কেন চলে গেলে আমাকে ছেড়ে,  তোমাকে ভুলে যাবার অনেক চেষ্টা করেছি, কিন্তু তোমাকে ভুলতে পারি নাই .@,MISSING SMS
তুমি কি অনুভব করতে পারো আমার হৃদয় ভাঙ্গার বেদনা? তুমি কি শুনতে পাও আমার সপ্ন ভাঙ্গার কান্না? যদি তুমি আমাকে বুঝতে তবে আমাকে একা ফেলে চলে যেতে না@,MISSING SMS
জানিনা কিভাবে তোমারদেখা পাবো,জানিনা কিভাবে তমাকে কাছে পাবো,জানিনা কতটা আপনভাবো তুমি আমায়। শুধুজানি এই অবুজ মনটা অনেকমিস করে তোমায়।@,MISSING SMS
তুমিও আমাকে এক দিনভালোবাসবে,যেভাবে তোমাকে আমি ভালোবাসতাম।@,MISSING SMS
প্রেমে পরলে এই দুআপড়তে হয় I LOVE YOU, প্রেমভাঙ্গিলে এই দুআ পড়তে হয় IHATE YOU , তাঁরপর আজীবনকেঁদে কেঁদে এই দুআ পরতে হয়"I MISS YOU".@,MISSING SMS
তুমি নেই বলে,রাত আসে চাঁদ হাসে না।তুমি নেই বলে,ফুল ফোটে ভ্রোমর আসেনা।তুমি নেইবলে, ভোর হয় পাখি ডাকে না।তুমি নেই বলে,একা একা কিছুভালো লাগে না ।@,MISSING SMS
আমার সত্যিকারেরভালোবাসাটা হয়তোতোমার কাছে কিছুইছিলোনা....কিন্তু...তোমার সেই মিছেমিছিভালোবাসাটাই ছিলআমার কাছে অনেক কিছু ।@,MISSING SMS
তুমি চলে যেতে পারবে,কিন্তু তোমারসাথে জড়িয়ে থাকা,স্মৃতি গুলোকে নিয়ে যেতে পারবে না॥হয়তো তুমি আমাকে ভুলে যেতে পারবে,কিন্তু আমার ভালোবাসাকে কোনদিনওভুলতে পারবে না ।প্রতিটি মূহুর্ততোমাকেস্মরণকরিয়ে দিবে, নিরবে চোখের জলফেলতে হবে,আমার এইনিঃস্বার্থভালোবাসারজন্য.....@,MISSING SMS
কখনো জানতে চাওনী কেমন আছি, দুরে থাকি বলে ভাবছ ভুলেই গেছি, ভাবছ আমি অন্য কাওকে নিয়ে ভাবি, সবি যদি বুঝ তাহলে কেন বুঝনা আমি তোমায় কতটা মিস করি ।@,MISSING SMS
 সাঁজিয়েছি 2mr ছবি রজনীগন্ধা ফুলে, 2mi কি রাগ করেছো গোলাপ দেয়নি বলে, 2mi তো Bondhu amr গোলাপের চেয়েও দামি, তাইতো 2my all টাইম miss kori আমি @,MISSING SMS
মানুষের জীবনে চাওয়ার শেষ নেই স্বপ্নের সমাপ্তি নেই  আকুলতার অন্তি নেই আমার চাওয়া তুমি  স্বপ্ন তুমি আমার সব আকুলতা শুধু তোমার মাঝে আমার জীবন শুধু তোমাকে ঘিরে॥@,MISSING SMS
প্রতিক্ষণে পড়ে মনে তোমার কথা, তোমার জন্য আমার এতো ব্যাকুলতা। হারিয়ে যাই ভাবনার সাগরে তোমায় ভেবে। মনের ঘরে স্বপ্ন সাজাই তোমায় নিয়ে। কেনো থাকো আমায় ছেঁড়ে দূরে দূরে, আমিতো পারিনা এক মুহূর্ত থাকতে তোমায় ভুলে। তুমি হীনা নিঃশ্ব লাগে নিজেকে। শুন্যতা আসে নেমে এই হৃদয় জুড়ে।@,MISSING SMS
একটু খানি শোন একটু আমায় জানো.. একটু খবর নিয়ো,, একটু যখন একা, একটু দিয়ো দেখা,, একটু নিয়ো খোঁজ Sms দিয়ো রোজ ।@,MISSING SMS
মনে রাখব তোমাকে চিরদিন, তুমি যেখানেই থাক যতদিন. তোমাকে নিয়ে ঘুরবো সৃতির ঘর,যদিও তুমি হয়ে গেছ আমার পর, তবুও Miss করব তোমায় জীবনভর.@,MISSING SMS
একা একা সারাহ্মন পথ চেয়ে থাকি¤ কল্পনাতে শুধু তারি ছবি আঁকি¤ বর্ষার কাব্য লাগেনা যে ভালো¤ তাকে শুধু মনে পড়ে¤@,MISSING SMS
অনুরোধে নয় অনুরাগে তোমাকে চাই____অভিলাসে নয়অনুভবে তোমাকে চাই____বাস্তবে না পেলে ওকল্পনাতে তোমাকে চাই____সর্বপরি জানতে চাই তুমি কেমনআছো ????@,MISSING SMS
যদি দেখা না হয়,ভেবো না দূরে আছি ।যদি কথা না হয়,ভেবো না ভুলে গেছি । যদি না হাসি,ভেবো না অভিমান করেছি । যদি কল না দেই,ভেবো না বদলে গেছি । সত্যি বলতে কি- আমি সব সময় তোমায় মিস করি ।@,MISSING SMS
ফুলেফুলে সাজিয়ে দেব তোমার জীবন তুমি শুধু আমায় দিও সুন্দর১টা মন। জানি না কতটা অাপনভাবো তুমি অামায়, শুধু জানি এই অবুজ মনটা..... অনেক মিস করে তোমায়.........@,MISSING SMS
ভাবছো ভুলে গেছি, না আজও ভুলিনি ..  ভুলবো তো সে দিন, যে দিন সাগরে আর পানি থাকবে না ..  পূর্ব আকাশে আর সূর্য উঠবে না , ভুলবো তো সেই দিন,  যে দিন এ দেহে আর প্রাণ থাকবে না...!!! I Miss U@,MISSING SMS
বসে আছি একলা আমি নিঝুমনিরালায়.। পরছে মনে তোমারকথা ভাবছি আমি তাই.......। তুমি ছারা আমার এ মনএকলা রয়ে যায়.........। বন্ধু তুমি কেমন আজ মনটা জানতে চায়.......।@,MISSING SMS
ভালোবাসা মানে কাউকে জয় করা নয়. বরং নিজেই কারো জন্য হেরে যাওয়া।@,MISSING SMS
একটু কানে শুনো।  একটু আমায় জানো?একটু সময়দিয়।  একটু খবর নিয়ো? একটু যখন একা। এক টুদিয়ো দেখা? একটু নিয়ো খোঁজ।  একটু ভেবো রোজ?একটু আমায় ডেকো।  ভীষনভালো থেকো???@,MISSING SMS
মন যদি আকাশ হতো,,,,তুমি হতে চাঁদ,,,,। ভালবেসে যেতামদুজন,,,,,হাতে রেখে হাত,,,,,,।সুখ যদি হৃদয়হত,,,,,তুমি হতে হাসি,,,।হৃদয়ের দুয়ারখুলেদিয়ে বলতাম,,,,আজও তোমায়ভালবাসি:::::::: I Miss You::::::::::@,MISSING SMS
Best"" কে ""Test"" করো ""Happy"" কে ""Copy"" করো ""New"" কে""View"" করো""Year"" কে""Dear"" করো""Friend"" কেSMS Send করো@,MISSING SMS
প্রেমে পরলে এই দুআ পড়তে হয় I LOVEYOU. প্রেম ভাঙ্গিলে এই দুআ পড়তে হয়  IHATE YOU তাঁরপর আজীবন কেঁদে কেঁদে এইদুআ পরতে হয় "I MISS YOU"@,MISSING SMS
জানিনা কিভাবে তোমার দেখা পাবো,জানিনা কিভাবে তমাকে কাছে পাবো, জানিনা কতটা আপনভাবো তুমি আমায়। শুধু জানি এই অবুজমনটা অনেক মিস করে তোমায়।@,MISSING SMS
প্রতিক্ষণে পড়ে মনে তোমারকথা, তোমার জন্য আমারএতো ব্যাকুলতা।  হারিয়ে যাইভাবনার সাগরে তোমায় ভেবে।মনের ঘরে স্বপ্ন সাজাই তোমায়নিয়ে। কেনো থাকো আমায়ছেঁড়ে দূরে দূরে,আমিতো পারিনা এক মুহূর্তথাকতে তোমায় ভুলে। তুমি হীনা নিঃশ্ব লাগে নিজেকে।শুন্যতা আসে নেমে এই হৃদয় জুড়ে।@,MISSING SMS
মন ভালো নেই,বারে বারে মনে হয় তুমি কাছে নেই, কেন কাটেনা সময় সাতটিরঙে তোমাকে খুঁজে বেরাই। বৃষ্টি শেষে দেখা না হলে বড় অভিমান হই।  রাত কাটে নিরঘুম, আমি নিশচুপ,নিঃশব্দ ভেবে যাই।  কাছে চাই তোমায় এতোটাই।@,MISSING SMS
বুঝবে একদিন তুমি , আমি তোমাকে কতটা ভালোবাসি ।  সেই দিন হইতো আমি হারিয়ে যাবো ঔ দুরে নিল আকাশে তারার মাঝে ।  বুঝবে একদিন তুমি , আমি তোমাকে কতটা মিচ করি সেইদিন হইতো আমি হারিয়ে যাবো ঔ মরুভুমির বালির মাঝে ।  বুঝবে একদিন তুমি , আমি তোমাকে ছাড়া কতটা একা একা থাকি সেই দিন হইতো আমি থাকবোনা এই পৃথিবীতে হারিয়ে যাবো ঔ মাটির ছোট্ট ছোট্ট কনাই...!@,MISSING SMS
টিপ টিপবৃস্টি পরছে অঝোরে আজসারা দিন ধরে____ বিসন্নভাবনায় কাটে না সময়,তাকে শুধু মনে পরে____@,MISSING SMS
তুমি কি অনুভবকরতে পারো আমার হৃদয়ভাঙ্গার বেদনা? তুমি কি শুনতে পাও আমারসপ্ন ভাঙ্গার কান্না? যদি তুমি আমাকে বুঝতে তবে আমাকে একা ফেলে চলে যেতে না  I Miss U@,MISSING SMS
গোলাপকে ছিড়তে গেলে কাঁটা লাগে হাতে, মনেরমানুষকে ভুলতে চাইলে ব্যথা লাগে বুকে, তাই শত কষ্টেরমাঝে মনে রাখতে চাই তোমাকে. I miss you.@,MISSING SMS
মাঝে মাঝে তোমারকথা ভেবে আমারচোখে পানি এসে পড়ে ... এতটা miss করি তোমাকে ...আবার সাথে সাথে যখনতোমার সাথে কাটানো প্রিয় মুহূর্ত গুলোর কথা মনে পড়ে ,,তখনআমি কান্না ভেজা চোখেইহেসে উঠি.... I miss U@,MISSING SMS
মাঝে মাঝে তোমারস্মৃতি গুলো ভীষন কাঁদায়। আনমনে ভাবতে থাকি,,কোথায় যেন হারিয়ে যাই। তখন তোমাকে কাছে পাবারবাসনা খুব তীব্র হয়।@,MISSING SMS
যখন তোমাকে খুব মিস করি,, তখন ঐ আকাশের দিকে তাকিয়ে থাকি..  জানি সেখানে তোমাকে দেখব না.. কিন্তূ এই ভেবে শান্তনা পাই যে,, দুজনে এক আকাশের নিচেই তো আছি....@,MISSING SMS
এখন ও তোমায় খুঁজি হাজার লোকের ভিড়ে,  এখন ও তোমার সেই আসন! আমার হৃদয় জুড়ে, হৃদয় জুড়ে অস্থিরতা এখনও আমি বুঝি, লোকালয় ছেঁড়ে নির্জনেতে তোমায় খুঁজি.....@,MISSING SMS
মানুষের জীবনেচাওয়ার শেষ নেইস্বপ্নের সমাপ্তি নেইআকুলতার অন্তি নেইআমার চাওয়া তুমিস্বপ্ন তুমি আমার সব আকুলতাশুধু তোমার মাঝেআমার জীবনশুধু তোমাকে ঘিরে॥@,MISSING SMS
আমাদেরচাওয়া পাওয়া পুড়ে পুড়ে হলো ছাইহায় হৃদয়ের ঋন,শুধুহৃদয়ে বাড়াইমনে কি পরে না স্মৃতির ফুলতোলা সোনালী সুতোয়বোনা হারানো সে দিনমনে কি পরে না রোদেলা সুখেদুজনে ছিলাম কত কাছাকাছিমনে কি পরে না,মনে কি পরে না......@,MISSING SMS
জানিনা কিভাবে তোমারদেখা পাবো,জানিনা কিভাবে তমাকে কাছে পাবো,জানিনা কতটা আপনভাবো তুমি আমায়।শুধুজানি এই অবুজ মনটা অনেকমিস করে তোমায়।@,MISSING SMS
তুমিও আমাকে এক দিনভালোবাসবে,যেভাবে তোমাকে আমি ভালোবাসতাম।@,MISSING SMS
তুমি নেই বলে,রাত আসে চাঁদ হাসে না।তুমি নেই বলে,ফুল ফোটে ভ্রোমর আসেনা।তুমি নেইবলে, ভোর হয় পাখি ডাকে না।তুমি নেই বলে,একা একা কিছুভালো লাগে না@,MISSING SMS
আমার সত্যিকারেরভালোবাসাটা হয়তোতোমার কাছে কিছুইছিলোনা....কিন্তু...তোমার সেই মিছেমিছিভালোবাসাটাই ছিলআমার কাছে অনেক কিছু~@,MISSING SMS
তুমি চলে যেতে পারবে,কিন্তু তোমারসাথে জড়িয়ে থাকা,স্মৃতি গুলোকে নিয়ে যেতে পারবে না॥হয়তো তুমি আমাকে ভুলে যেতে পারবে,কিন্তু আমার ভালোবাসাকে কোনদিনওভুলতে পারবে না ।প্রতিটি মূহুর্ততোমাকেস্মরণকরিয়ে দিবে, নিরবে চোখের জলফেলতে হবে,আমার এইনিঃস্বার্থভালোবাসারজন্য.....@,MISSING SMS
কখনো জানতে চাওনী কেমন আছি, দুরে থাকি বলে ভাবছ ভুলেই গেছি, ভাবছ আমি অন্য কাওকে নিয়ে ভাবি, সবি যদি বুঝ তাহলে কেন বুঝনা আমি তোমায় কতটা মিস করি  ।@,MISSING SMS
সাঁজিয়েছি 2mr ছবি রজনীগন্ধা ফুলে, 2mi কি রাগ করেছো গোলাপ দেয়নি বলে, 2mi তো Bondhu amr গোলাপের চেয়েও দামি, তাইতো 2my all টাইম miss kori আমি.@,MISSING SMS
মানুষের জীবনে চাওয়ার শেষ নেই স্বপ্নের সমাপ্তি নেই আকুলতার অন্তি নেই আমার চাওয়া তুমি স্বপ্ন তুমি আমার সব আকুলতা শুধু তোমার মাঝে আমার জীবন শুধু তোমাকে ঘিরে॥@,MISSING SMS
আমাদের চাওয়া পাওয়া পুড়ে পুড়ে হলো ছাই হায় হৃদয়ের ঋন,শুধু হৃদয়ে বাড়াই মনে কি পরে না স্মৃতির ফুল তোলা সোনালী সুতোয় বোনা হারানো সে দিন মনে কি পরে না রোদেলা সুখে দুজনে ছিলাম কত কাছাকাছি মনে কি পরে না,মনে কি পরে না......@,MISSING SMS
প্রতিক্ষণে পড়ে মনে তোমার কথা, তোমার জন্য আমার এতো ব্যাকুলতা। হারিয়ে যাই ভাবনার সাগরে তোমায় ভেবে। মনের ঘরে স্বপ্ন সাজাই তোমায় নিয়ে।  কেনো থাকো আমায় ছেঁড়ে দূরে দূরে, আমিতো পারিনা এক মুহূর্ত থাকতে তোমায় ভুলে।  তুমি হীনা নিঃশ্ব লাগে নিজেকে। শুন্যতা আসে নেমে এই হৃদয় জুড়ে।@,MISSING SMS
মনে রাখব তোমাকে চিরদিন, তুমি যেখানেই থাক যতদিন. তোমাকে নিয়ে ঘুরবো সৃতির ঘর, যদিও তুমি হয়ে গেছ আমার পর, তবুও Miss করব তোমায় জীবনভর.@,MISSING SMS
আকাশের জন্য নীলিমা, চাঁদের জন্য পূর্নিমা, পাহাড়ের জন্য ঝর্না, নদীর জন্য মোহনা, আর তোমাদের জন্য রইলো "শুভ কামনা"..@,WISH SMS
ফুলে ফুলে ভরে যাক তোমার ভুবন, রংধনুর মতো সাত রং এ রাঙ্গুক তোমার জীবন । দুঃখ কষ্ট গুলো হারিয়ে যাক দুর অজানার দেশে । তোমার জীবন যেনো সুখের সাগরে ভাসে । এই কামনা করি বিধাতার কাছে ।@,WISH SMS
শীতের চাঁদনি রাতে,পিঠা বানাও তুমি তাতে।@,WISH SMS
তোমার দেওয়া ভালোবাসার কারণে আমার জীবন থমকে দাড়িয়েছে____ এমন তো কথা ছিলো না তবে কেনো তুমি আমার সাথে এমন করলে? জানি তুমি আমার কথার জবাব দিতে পারবে না____ তবু ও বলবো ভালো থেকো____@,WISH SMS
দুখের বোঝা আমার ঘারে চাপিয়ে দিয়ে তুমি যদি সুখী হতে পারো তবে সুখে থেকো____ আমি তোমার সুখ দেখতে চাই____@,WISH SMS
গ্রীসের আনারকলি, র্বষার অনজলী,শরতের গীতালি, হেমন্তের মিতালী,শীতের পিঠা পুলি, বসন্তের ফুল কলি,এমনি করে ভরে যাক জীবনের সবপাতা গুলি।@,WISH SMS
যাচ্ছো দূরে যাও তুমি বাধা দেবো না । যতো বাধাই আসুক পথে ভয় পেও না । তোমার জন্য রইল অনেক শুভ কামনা ।@,WISH SMS
দুঃখের বোঝা আমার ঘাড়ে চাপিয়ে দিয়ে তুমি যদি সুখী হতে পারো,তবে সুখে থেকো আমি তোমার সুখ দেখতে চাই।**@,WISH SMS
যাচ্ছো দূরে যাও তুমি বাধা দেবো না । যতো বাধাই আসুক পথে ভয় পেও না ।তোমার জন্য রইল অনেক শুভ কামনা ।**@,WISH SMS
জীবন মরন তোমার নামে দিব আমি লিখে ,মিষ্টি করে বন্ধু তুমি তাকাও আমার দিকে তোমার মনের সব খবর রাখতে চাই আমি , সব শেষে বল বন্ধু কেমন আছ তুমি ?**@,WISH SMS
বন্ধু মানে সুখের সাথী।বন্ধু মনে রাগ। বন্ধু মানে দুঃখ সূখের সমান সমানভাগ। বন্ধু মানে হালকা হেসে চোখেরকোনের জল। বন্ধুমানে মনে পরলে একটা ছোট কল।**@,WISH SMS
নিশি রাতে চাঁদের আলো__ বন্ধু তুই থাকিস ভাল সন্ধা শেষে রাত আসে __তোর সৃতি চোখে ভাসে বন্ধু তুই সুখে থাকিস __কষ্ট হলেও আমায় তুই মনে রাখিস।**@,WISH SMS
ফুলে ফুলে ভরে যাক তোমার ভুবন, রংধনুর মতো সাত রং এ রাঙ্গুক তোমার জীবন । দুঃখ কষ্ট গুলো হারিয়ে যাক দুর অজানার দেশে । তোমার জীবন যেনো সুখের সাগরে ভাসে । এই কামনা করি আমি বিধাতারি কাছে ।**@,WISH SMS
তোমার দেওয়া ভালোবাসার কারণে আমার জীবন থমকে দাড়িয়েছে__ এমন তো কথা ছিলো না তবে কেনো তুমি আমার সাথে এমন করলে? জানি তুমি আমার কথার জবাব দিতে পারবে না _তবু ও বলবো ভালো থেকো_**@,WISH SMS
অভিমান গুলো যদি মেঘ হয় কান্না  তবে বৃষ্টিকান্নার জলে বুকের ভিতরজলাশয় হয়  সৃষ্টিসেই জলাশয়ে কখনো ভাসে কখনো ডুবে মন  এই মুহূর্তে তোমাকে আমারবড্ড প্রয়োজন@,WISH SMS
আমি অভিমানকরি ,,তুমি আমার কষ্টবুঝবে বলে ।আমি দূরে থাকি ,,তুমি আমাকে মিসকরবে বলে ।অল্প তে রাগ করি ,,রাগ ভাঙ্গাবে বলে ।তাই বলে ভুলেযাবে নাকি ......?@,WISH SMS
নীল আকাশের তারার মেলা,তোমায় ভাবি সারা বেলা. নিঝুম রাতের চাঁদের আলো, তোমায় ছাড়া লাগেনা ভালো. বসে আছি আমি একা, কখন পাবো তোমার “তুমি কেমনআছ?”@,WISH SMS
প্রতিটা দিন প্রতিটা রাত কষ্টে কাটাই আমি,তবুও মন জানতে চায় কেমন আছ তুমি?তুমি তো ভালোই আছ ভুলে গিয়ে সব,ভালো থাকতে পারিনা আমি,স্মৃতি গুলো মনে হলে থাকি নীরব !@,WISH SMS
আকাশ বলে তুমি নীল। বাতাস বলে তুমি বিল। নদী বলে তুমি সিমা হিন। চাঁদবলে তুমি সুন্দর। ঘাস বলে তুমি সবুজ। ফুলবলে তুমি অবুজ। কিন্তু আমি বলি, “তুমি কেমনআছ?”@,WISH SMS
অনুরোধে নয় অনুরাগে তোমাকে চাই____ অভিলাসে নয় অনুভবে তোমাকে চাই____ বাস্তবে না পেলে ও কল্পনাতে তোমাকে চাই____ সর্বপরি জানতে চাই তুমি কেমন আছো ????@,WISH SMS
আমার ভাবনা বলে "I miss you" , আমার মন বলে "I feel you", আমার চোখ বলে "I see you", আমার হৃদয় বলে "I like you", আমার এসএমএস বলে "How Are You"@,WISH SMS
সেই সেদিন থেকে ঝুলে শূন্যের কাটা-তারে , দিকভ্রান্ত, বিভ্রান্ত আমি মিথ্যে মরিচিকায় তোমাকে খুঁজেছি। আজ বড় জানতে ইচ্ছে করছে কেমন আছ তুমি ?@,WISH SMS
এক চোখে ঘুম আর এক চোখে স্বপ্ন!! এক পাশে নীল আর এক পাশে কাশবন , এক পাশে সমুদ্র আর এক পাশে পাহার , এক পাশে 2মি  আর এক পাশে আমি বলনা জানুপাখী কেমন আছো তুমি ?@,WISH SMS
আদর্শ মানুষকে কেউ পছন্দ করে না, আদর্শ মানুষ ডিসটিল্ড ওয়াটারের মত “স্বাদহীন” । সমাজ পছন্দ করে অনাদর্শ মানুষকে । যারা ডিস্টিল্ড ওয়াটার নয় – কোকাকোলা ও পেপসির মতো মিষ্টি কিন্তু ঝাঁঝালো ।@,WISH SMS
এখন পিতামাতারা গৌরব বোধ করেন যে, তাদের পুত্রটি গুন্ডা । বাসায় একটি নিজস্ব গুন্ডা থাকায় প্রতিবেশীরা তাদের সালাম দেয় । মুদিদোকাদার খুশী হয়ে বাকী দেয় । বাসার মেয়েরা নির্ভয়ে একলা পথে বের হতে পারে এবং বাসায় একটি মন্ত্রী পাওয়ার সম্ভাবনা থাকে@,WISH SMS
জনপ্রিয়তা হচ্ছে নেমে যাওয়ার সিঁড়ি । অনেকেই আজকাল জনপ্রিয়তার পথে নেমে যাচ্ছে ।@,WISH SMS
নিন্দুকেরা পুরোপুরি অসৎ হতে পারে না, কিছুটা সততা তাঁদের পেশার জন্য অপরিহার্য । কিন্তু প্রশংসাকারীদের পেশার জন্য মিথ্যাচারই যথেস্ট@,WISH SMS
সংসারে সাধু-অসাধুর মধ্যে প্রবেদ এই যে, সাধুরা কপট আর অসাধুরা অকপট ।@,WISH SMS
রাতের আধার পালিয়ে গেল সূর্য মামার ভয়ে। পাখি গুলো গান গাইল তুমি উঠবে বলে। আকাশ ভরা রুপালি আলো। আজকের সকাল টা তোমার কাটুক ভাল।@,GOOD MORNING SMS
একটু খানি শোন, একটু আমায় জানো । একটু সময় দিও, একটু খবর নিও। একটু যখন একা, একটু দিও দেখা। একটু নিও খোঁজ, বলব তোমায় রোজ ।****** শুভ সকাল।******@,GOOD MORNING SMS
জীবন সাজাও স্বপ্ন দিয়ে, মন সাজাও মন দিয়ে। রাত সাজাও চাঁদ ও অনেক তারা দিয়ে, সকাল সাজাও গুড মর্নিং বলে,হ্যাপি গুড ডে টু ইউ।@,GOOD MORNING SMS
শীতের সকালে, কুয়াশার চাদরে ঢাকা সূর্যের আলোতে। যদি ঘুম ভাঙে তোমার, মনে করবে প্রথ্ম গুড মর্নিং উইশ টা ছিল শুধু আমার।****** শুভ সকাল।******@,GOOD MORNING SMS
নতুন দিনটি  শুরু হলো , মনটা আমার ভালো হলো সূর্য মামা উঁকি দিলো , পাখিরা সব উড়ে গেল। মা আমাকে বকা দিলো , তাইতো আমার ঘুম ভাঙলো।——-শুভ সকাল।——-@,GOOD MORNING SMS
শিশির ভেজা রাতের শেষে , আসবে দিন রোদের বেশে ,হাসবে  সূর্য হাসবে চন্দ্র , ভেসে আসবে ফুলের গন্ধ ,এমন হোক প্রতিটি দিন , জীবন হোক আরো আরো রঙিন .—শুভ সকাল —@,GOOD MORNING SMS
চাঁদ তারা হারিয়ে গেছে , রাতের আধার কেটে গেছে গাইছে গান পাখি ডালে , সোনালী সূর্য পুব আকাশে উঠেছে হেসে নতুন করে , শুভ সকাল জানাই তোমারে এই কামনা করি দিনটা যেন ভালো কাটে।@,GOOD MORNING SMS
ওঠো , আর কতক্ষন শুয়ে থাকবে ? সব সময় শুয়ে থাকো ঘুমিয়ে কি জীবন টা কাটাবে ? উঠে পর উঠে আবার আমায় ফোন করো না আমি ঘুমোচ্ছি —-শুভ সকাল—-@,GOOD MORNING SMS
আঁখি খুলে দেখো চেয়ে ,পুব আকাশে সোনালী সূর্য হাসে , পাখিদের মধুর কলরবে ,মনটা উঠবে ভোরে ,এখনো কোনো আছো শুয়ে ,উঠো এবার বিছানা ছেড়ে****শুভ সকাল****@,GOOD MORNING SMS
ভোরের আকাশ ডাকছে তোমায়,ডাকছে ভোরের পাখি। বলছে তোমায় জেগে ওঠো খোলো দুটি আঁখি। ফুলের বাগান বলছে তোমায় বাড়িয়ে দুটি হাত আমিও তাই বলছি তোমায় মিষ্টি  সুপ্রভাত।@,GOOD MORNING SMS
হিম শীতল সকালে, রং তুলির চাদরে ঢাকা সূর্যের আলোতে যদি ঘুম ভাঙ্গে তোমার মনে করবে প্রথম গুড মর্নিং উইশ টা ছিল শুধু আমার  “শুভ সকাল “@,GOOD MORNING SMS
জীবন শুরু হয় কান্না দিয়ে শেষ হয় অন্যের কান্না দিয়ে মাঝের শুন্য টা যতটা সম্ভব আনন্দ দিয়ে ভোরে তোলো আর অন্যকে সুখী করো।@,GOOD MORNING SMS
মিষ্টি সকাল শান্ত মন , ঘুমিয়ে ছিলাম এতক্ষন  কষ্ট করে খুললাম আঁখি , তুমি এখনো ঘুমাও নাকি ?তাড়াতাড়ি উঠে পর , আমার উইশ গ্রহণ করো। ——শুভ সকাল——@,GOOD MORNING SMS
জীবন কতটা সুন্দর এটা দেখতে বেশি দূরে যেতে হবে না। চোখ খুললেই আমরা দেখতে পারি   " শুভ সকাল "@,GOOD MORNING SMS
প্রতিটি জ্বলন্ত বাতির আলোর নিচে অন্ধকার থাকে , প্রতিটি রাতের পরে একটি সকাল থাকে। মানুষ জীবনে কিছু সমস্যা দেখে ভয় পেয়ে যায়।  কিন্তু প্রতিটি সমস্যার পিছনেই একটি সমাধান থাকে।  'শুভ সকাল'@,GOOD MORNING SMS
রাত সকালের অপেক্ষা করে না , সুগন্ধ আবহাওয়ার  অপেক্ষা করে না, জীবনে যা পেয়েছো সেটা নিয়েই খুশি থাকো ,কেন না  জীবন সময়ের অপেক্ষা করে না।      শুভ সকাল@,GOOD MORNING SMS
সূর্য ওঠার সময় হয়ে গেছে , ফুল গুলোর খেলার সময় হয়ে গেছে , মিষ্টি ঘুমের থেকে ওঠো বন্ধু , কেন না , স্বপ্ন কে সত্যি করার  সময় হয়ে গেছে।     শুভ সকাল@,GOOD MORNING SMS
জীবনে বেশি বন্ধু  থাকা টা  জরুরি নয় , কিন্তু বন্ধুর  মধ্যে জীবন থাকা টা অত্যন্ত জরুরি।  "শুভ সকাল বন্ধু "@,GOOD MORNING SMS
আপনি যখন জন্মেছিলেন  তখন সবাই আপনাকে দেখে খুশি হয়েছিল , জীবনে এমন কিছু করুন তা কি আপনার মৃত্যুর পরেও সবাই যেন আপনার কর্ম দেখে  খুশি হয়।  আপনার দিনটি  শুভ হউক   -শুভ সকাল।@,GOOD MORNING SMS
**ঘুম ঘুম রাত শেষে, সূর্য আবার উঠলো হেসে। ফুটলো আবার ভোরের আলো, দিনটা তোমার কাটুক ভালো। শুরু হল নতুন দিন, তোমাকে জানাই গুড মর্নিং।**@,GOOD MORNING SMS
**আকাশের জন্য নীলিমা  চাঁদের জন্য পূর্নিমা, পাহাড়ের জন্য ঝর্না, নদীর জন্য মোহনা, আর তোমাদের জন্য রইলো  শুভ কামনা- —শুভ সকাল।**@,GOOD MORNING SMS
**আসব রাতে স্বপ্ন হয়ে,, থাকব আমি কাছে… চোঁখ খুলতেই চলে যাব,, ভোরের আলোর দেশে… দিয়ে যাব কিছু স্মৃতি আজ এই সকালে,,শুভ সকাল জানাই তোমায় বন্ধুত্বের সাথে।*@,GOOD MORNING SMS
**প্রতিদিন সকালে তোমার কাছে.. দুটো পথ খোলা আছে…ঘুমটা চালিয়ে যাওয়া স্বপ্ন দেখতে দেখতে অথবা জেগে উঠে স্বপ্নটার পিছনে দৌড়ানো !তোমার মর্জি কোন পথে যাবে ! –সুপ্রভাত –**@,GOOD MORNING SMS
**নীল আকাশের মেঘের ভেলায়,দিঘির জলে ফুলের মেলায়। সবুজ ঘাসের শিশির কনায়, প্রজাপতির রঙিন ডানায়, একটা কথা তোমায় জানাই।। —সুপ্রভাত।**@,GOOD MORNING SMS
**নিশি যখন ভোর হবে, সুখ তাঁরা গুলো নিভে যাবে। আসবে একটা নতুন দিন, দিন টা হোক অমলিন। শুভ হোক তোমার প্রতিদিন। —শুভ সকাল।**@,GOOD MORNING SMS
**শীশির ভেজা দুর্বা ঘাসে শীশির কনা বলছে হেসে। বিদায় নিয়েছে হিমেল রাত, জানাই তোমাদের সুপ্রভাত।**@,GOOD MORNING SMS
**সকাল বেলার সোনালী আঁলো, আজ মনটা অনেক ভালো, কিচির মিচির ডাকছে পাখিঁ, খুলে দেখো দুটি আঁখি, শুভ হোক আজকের দিন, জানাই তোমায় —সুপ্রভাত@,GOOD MORNING SMS
*সকাল হলে এসো তুমি ,শিশির কণা হয়ে .সন্ধ্যা হলে এসো তুমি ,রক্ত জবা হয়ে ..রাত হলে জ্বলো তুমি,জোনাকি হয়ে .সারা জীবন থেকো তুমি  আমার বন্ধু হয়ে।জীবন সাথি –শুভ সকাল।**@,GOOD MORNING SMS
*সূর্যের আলো ঘুম ভাঙাল।।ভোরের পাখি গান শুনাল।।।দূর আকাশের ঝাপসা আলোকানে কানে বলে গেল।।।তোমরা সবাই আছো ভাল??..শুভ সকাল..**@,GOOD MORNING SMS
**কেয়া হয়ে যদি থাক আমার বাগানে।যত্ন করে রাখব তোমায় আমারি মনে।ফুল দানিতে সাজিয়ে তোমায় রাখব চিরকাল।রোজ সকালে বলব তোমায় ,..শুভ সকাল..**@,GOOD MORNING SMS
**আমি কল্পনায় ভাসি..তুমি ভালোবাসো বলে,আমি সুখের মাঝে হারাই..তুমি ভালোবাসো বলে,আমার সকাল শুভ হয়..তুমি ভালোবাসো বলে,তাইতো তোমায় আমি জানাই..শুভ সকাল।**@,GOOD MORNING SMS
**শুনে যাও ভোরের পাখি,একটা কথা বলে রাখি,আছে এক বন্ধু আমার,মনে পড়ে সকাল বিকাল,কিভাবে যে কাটল রাত,জানাই তাকে    “সুপ্রভাত।**@,GOOD MORNING SMS
**চোখটা একটু খুলে দেখ,বলছি তোমায় ভাল থেকো । সূর্য মামার মিষ্টি হাসি,ফুল ফুটেছে রাশি রাশি । শুভ হোক আজ্কের দিন, বলছি তোমায় গুড মর্নিং।**@,GOOD MORNING SMS
**সুখের জন্য “স্বপ্ন”, দুখের জন্য “হাসি”, দিনের জন্য “আলো”,চাঁদের জন্য “নিশি”, মনের জন্য “আশা”,তোমার জন্য রহিল আমার “ভালোবাসা”.. –শুভ সকাল-**@,GOOD MORNING SMS
**নতুন ভোর,নতুন আশা, নতুন রোদ,নতুন আলো, মিষ্টি হাসি,দুষ্ট চোখ, স্বপ্ন গুলো পূরণ হোক, আকাশে সুর্য,নিচ্ছে আলো, দিনটি তোমার কাটুক ভাল।, শুভ প্রভাত।**@,GOOD MORNING SMS
**ভোরের আলো দিল উঁকি,,,তোমার আশায় আমি থাকি আমার কাছে আসবে বলে,,,বাগান ভরা ফুলে ফুলে…খুশির জোয়ার সীমাহীন,,,তোমায় জানাই গুড মর্নিং।**@,GOOD MORNING SMS
**স্বপ্ন দেখার প্রহর শেষে, ফিরল পরি ঘুমের দেশে। কাল মেঘের আড়াল থেকে সুর্য দিল দেখা। তাকিয়ে দেখ ভোরের আলোয় নতুন স্বপ্ন লেখা। -শুপ্রভাত-**@,GOOD MORNING SMS
**সূর্য মামার কিরণে আঁধার গেল পালিয়ে। ভোরের শিশির ফোটায়, ফুল উঠল জেগে। ওঠ তুমি মেল আঁখি।  সকাল তোমার নিকটবর্তী। অতীত কে পিছনে ফেলে সাজাও তোমার সকাল খানি। ..শুভ সকাল..**@,GOOD MORNING SMS
**মৃদু হাওয়া… শীতল পরিবেশ চিক চিক করে শিশির, পাখির কলতানে চারিদিক মাতোয়ারা। শুধু তুমি নেই পাশে বন্ধু আমার। ..শুভ সকাল..**@,GOOD MORNING SMS
**জেগেছে পাখি গাইবে গান, নতুন দিনের আহবান, জেগেছে সুর্য দিবে আলো, দিনটা তোমার কাটুক ভাল, জেগেছে মাঝি তুলবে পাল, সবাইকে জানাই শুভ সকাল.**@,GOOD MORNING SMS
**রাতে জোসনা,দিনে আলো, কেন তোমায় লাগে ভালো? গোলাপ লাল,কোকিল কালো,সবার চাইতে তুমি ভালো। আকাশ নীল,মেঘ সাদা, সবার চাইতে তুমি আলাদা। “শুভ সকাল”**@,GOOD MORNING SMS
**জীবন সাজাও স্বপ্ন দিয়ে, মন সাজাও মন দিয়ে। রাত সাজাও চাঁদ ও অনেক তারা দিয়ে, সকাল সাজাও গুড মর্নিং বলে, –হ্যাপি গুড ডে টু ইউ–**@,GOOD MORNING SMS
**আজ সকালে ঘুম ভাঙল, একটি পাখির ডাকে। উঠে দেখি স্নিগ্ধ সূর্য উকি দিয়েছে আকাশে। প্রকৃতির চার পাশে উঠে গেছে আলো। ভোরের হিমেল হাওয়ায় মনটা আমার অনেক ভাল।, –সুপ্রভাত–**@,GOOD MORNING SMS
**গান শোনাল ভোরের পাখি, এখনও ঘুমাও নাকি? আমি তোমায় কত ডাকি, এবার একটু খোল আঁখি… কেটে গেল রাত্রি কাল, তোমায় জানাই শুভ সকাল।**@,GOOD MORNING SMS
**শীতের সকালে, কুয়াশার চাদরে ঢাকা সূর্যের আলোতে। যদি ঘুম ভাঙে তোমার, মনে করবে প্রথম  “গুড মর্নিং” উইশটা   ছিল শুধু আমার।@,GOOD MORNING SMS
**সকালের প্রথম শিশির দিয়ে, সূর্যের প্রথম আলো দিয়ে, ফুলের প্রথম সৌরভ দিয়ে, হৃদয়ের এক বিন্দু ভালবাসা দিয়ে তোমাদের জানাই শুভ সকাল।**@,GOOD MORNING SMS
**সকালের রোদ তুমি বিকেলের ছায়া, গোধূলির রং তুমি মেঘের মায়া। ভোরের শিশির তুমি জোছনার আলো, আমি চাই তুমি থাক সব সময় ভাল। —শুভ সকাল।**@,GOOD MORNING SMS
**দিন যায় দিন আসে, কেউ দুরে কেউ কাছে, কারও মন এলোমেলো, কারও মন খুব ভাল, রাত গেল দিন এল, নতুন সুর্য দেখা দিল। —শুভ সকাল।**@,GOOD MORNING SMS
.তোমার জন্যে হতে পারি ভ্যানের ওই ঝালমুড়ি ওয়ালা। তোমার জন্য হতে পারি রাস্তার পাশের আঁচারওয়ালা। ফ্রীতে দিবো ঝালমুড়ি আর ফ্রীতে দিবো আঁচার। ভালো যদি না বাসো তবে দিবো আছাড়।@,Funny_SMS
সবাই রাতে দেয়, কেও সময় পেলে দিনেও দেয়, টানা ১ ঘন্টা আবার ২ ঘন্টা ও দেয়, কেও কেও সারা রাত দেয়, কেও আবার সকালেও দেয়! দেওয়ার সময় পুরা গরম হইয়া যায় । .....  এভাবেই সবাই মোবাইল চার্জ দেয়! হে হে হে ।"@,Funny_SMS
অনেক মেয়ে "মুলা" দিয়ে করে, আবার অনেক মেয়ে "গাজর" দিয়ে ও করে, আবার অনেক মেয়ে "শষা" দিয়ে ও করে।  আবার সব কিছু একসাথে দিয়ে ও করে। কি করে জানো ?? আরে সালাদ তৈরী করে।@,Funny_SMS
 দু হাত বাড়িয়ে আকাশ পানে চাও, নিজেকে পাখি মনে হবে। জোছনা রাতে চাঁদের পানে চাও, নিজেকে পরি মনে হবে। মাটির সবুজ ঘাসের পানে চাও, নিজেকে ছাগল মনে হবে।@,Funny_SMS
আমি আমার এক বন্ধুর বাসায় বেড়াতে গেলাম। রাতে ঘুমের ঘোরে দেখলাম আমাকে চুমু দিচ্ছে। আমি সহ্য করতে না পেরে উঠে মশা মেরে আবার ঘুমিয়ে পড়লাম। আপনারা কি ভেবেছিলেন??@,Funny_SMS
সে আসলো, আমার উপর বসলো, আমাকে জড়িয়ে ধরলো, পরে কামর, চুমু দিল। তারপর নিজের প্রয়োজন মিটিয়ে চলে গেল। খারাপ চিন্তা ভাবনা বাদ দিয়ে ভালো চিন্তা ভাবনা কর। ঐটা একটা মশা ছিল।@,Funny_SMS
রোগ হলে ডাক্তারের কাছে যাও। কারণ ডাক্তার কে খেয়ে বাঁচতে হবে। ঔষধ কেনো, কারণ দোকানদার কেও খেয়ে বাঁচতে হবে। কিন্তু তুমি ঔষধ খেওনা,, কারণ তোমাকেও বাঁচতে হবে।@,Funny_SMS
ফুলের মাঝে ভ্রমর আসে, নদীর ওপর নৌকা ভাসে, শিশির নাচে সবুজ ঘাসে, রাতের মাঝে জোছনা হাসে। আর কিছু মেয়েদের ভালোবাসায় ফরমালিন আছে।@,Funny_SMS
অদ্ভুত কিছু আবেগ, অজানা কিছু অনুভূতি। অসম্ভব কিছু ভালো লাগা, হয়তো বা কষ্টের ভয়, একাকীত্ব বা নিরবতা। এই নিয়ে আমাদের টয়লেটে বসে থাকা।@,Funny_SMS
তুমি আসবে বলেই , আকাশ মেঘলা বৃষ্টি এখনো হয় নি তুমি আসবে বলেই , কৃষ্ণচূড়ার ফুলগুলো ঝড়ে যায়নি। তুমি আসবে বলেই , অন্ধ কানাই বসে আছে গান গায়নি তুমি আসবে বলেই , চৌরাস্তার পুলিশটা ঘুষ খায়নি।@,Funny_SMS
বেশিরভাগ মানুষ রাতে করে, কেউ কেউ আবার দিনেও করে। কেউ টানা ত্রিশ মিনিট করে, কেউ কেউ আবার এক ঘন্টা ও করে। কেউ সারারাত করে, এভাবেই তো মানুষ মোবাইল চার্জ করে।@,Funny_SMS
যেখানে ভালোলাগা, সেখানেই ভালোবাসা। যেখানে ভালোবাসা, সেখানেই প্রেম। যেখানে প্রেম, সেখানেই ব্যাথা। আর যেখানে ব্যাথা, সেখানেই টাইগার বাম মলম।@,Funny_SMS
 কি দিন আইছে রে, বাতাস বইতেছে, পাখি গান গাইতেছে, গরু ঘাস খাইতেছে, জিনিয়াসরা এস.এম.এস করতাছে, আর আবালটায় এস.এম.এস পড়তাছে।@,Funny_SMS
আলু পটল তরকারি,মেয়েদের মন সরকারি । পেঁয়াজ রসুন আদা,মেয়েরা সব গাধা ।হাড়ি ,পাতিল কলস,মেয়েরা সব অলস ! লাল নীল কালো, ছেলে সবাই খুব ভালো ॥@,Funny_SMS
ক বছর পর দেখলাম, তারপর ধরলাম, ভালো লাগল একটু টিপলাম, নরম লাগল তারপর একটু চুষে দিলাম মজা লাগল। তাইতো বলি বছরের প্রথম পাকা আমের স্বাদ-ই আলাদা.@,Funny_SMS
নারী তুমি করিওনা রুপের বড়াই, সবাইতো জানে তোমার প্রিয় বনধু রান্না ঘরের কড়াই। যতই দেখাও তুমি রুপের ঝর্ণা, করতে হবে তোমাকে তরকারি রান্না।@,Funny_SMS
আম গাছে আম ধরে,নারিকেল গাছে ডাব, ছেলেদেরকে মিসকল মারা মেয়েদের সভাব । গাছের বল লতাপাতা মাছের বল পানি এ যুগের মেয়েরা চায় পঁয়সাওয়ালা স্বামী@,Funny_SMS
তুমি বীর, তুমি দুর্জয়, তুমি বাঙ্গালি, তুমি সাহসী, তোমার বুকে অনেক জোর, তুমি আমাদের গ্রাম' এর মুরগী চোর!@,Funny_SMS
সাদা গোলাপ সবুজ পাতা, তোমাকে জানাই ঈদের কথা । আসবে আমার বাড়িতে, বসতে দিব পিড়িতে । খাবে কিন্তু অল্প, করবো অনেক গল্প।%ঈদ মোবারক%@,Eid_Mubarak
বাকা চাঁদের হাসিতে, দাওয়াত দিলাম আসিতে, আসতে যদি না পারও , ঈদ মোবারক গ্রহন কর..@,Eid_Mubarak
ভোর হলো দুর চোখ খুলে দেখরে_ রোজা শেষ রোজা শেষ ঈদ চলে এলোরে_ নতুন জামা পরব রে সবাই মিলে ঘুরবরে_ সবাইকে ঈদের অগ্রিম শুভেচ্ছা_ ঈদ মোবারক@,Eid_Mubarak
তুমি মিষ্টি সকালের স্নিগ্ধ বাতাস, তুমি শীতল ভোরের শিশির ভেজা ঘাস । তুমি আলোময় পৃথিবীর তারা ভরা রাত, তোমাকে জানাই "ঈদ মোবারক"@,Eid_Mubarak
ঈদের হাওয়া লাগুক প্রাণে, মন ভরে যাক নতুন গানে !! ঘুম ঘুম চোখে স্বপ্নীল চাওয়া , ঈদে হোক সব কিছু পাওয়া ।।।। ঈদ মোবারক ।।@,Eid_Mubarak
হাঁসের ডিম মুরগির ডিম", দেখা হবে ঈদের দিন্‌ ঈদ মানে আনন্দ 'ঈদ মানে খুশি', ঈদের দাওয়াত না দিলে মারবো একটা ঘুষি!  ঈদ মোবারক@,Eid_Mubarak
মন চাইছে কারো সাথে কথা বলি। মন চাইছে কোন প্রিয়জনকে স্মরণ করি। ঈদ মোবারক বলার সিদ্ধান্ত যখন নিলাম। ভাবলাম তোমাকে দিয়েই শুরু করি । - ঈদ মোবারক-@,Eid_Mubarak
 চিঠি দিয়ে নয় "ফুল দিয়ে নয়" ,কার্ড দিয়ে নয় ,কল দিয়ে নয, মনের গহীন থেকে মিষ্টি SmS দিয়ে জানাই সবাই কে "অগ্রিম ঈদের শুভেচছা" ঈদ মোবারক।@,Eid_Mubarak
দিনে গরম রাতে শীত সামনে আসছে কুরবানি ঈদ, সাদা রুটি মাংসের ঝোল, খেতে তোমরা করোনা ভুল । ঈদে থাকব হাসি খুশি তোমাকে চাই পাশাপাশি।@,Eid_Mubarak
কিছু কথা অব্যক্ত রয়ে যায়, কিছু অনুভূতি মনের মাঝে থেকে যায়, কিছু স্মৃতি নীরবে কেদে যায়, শুধু এই একটি দিন সব ভুলিয়ে দেয় " ঈদ মোবারক "@,Eid_Mubarak
তোর ইচ্ছে গুলো উরে চলুক পাখনা দুটি মেলে, দিন গুলি তোর যাকনা কেটে এমনি হেসে খেলে, অপূর্ন না থাকে যেন তোর কোনো শখ, এই কামনায় বন্ধু তোকে "ঈদ মোবারক"@,Eid_Mubarak
ঈদের শুভেচ্ছা জানাই তোমাকে, অনেক বেশি খুশি ঘিরে রাখুক তোমাকে, সব আপনজনের মায়া মাতিয়ে রাখুক তোমাকে, শুধু যখন সালামি পাবে মনে করিও আমাকে@,Eid_Mubarak
এই এসএমএস, যার কাছে যাবি, যাকে পাবি, তাকেই আমার সালাম দিবি, লাল গোলাপের ভালোবাসা দিয়ে ঈদের দাওয়াত জানাবি, আর মিষ্টি করে বলবি ঈদ মোবারক@,Eid_Mubarak
বলছি আমি আমার কথা, ঈদে থাকবে নাকো মনের ব্যাথা, আমার জীবনে অনেক চাওয়া, ঈদ থেকে সব পাওয়া, ঈদের প্রতি তাই এত্ত ভালোবাসা, ঈদ মোবারক@,Eid_Mubarak
শুভেচ্ছা রাশি রাশি গরু না খাসি? টিক্কা না ঝালফ্রাই? এনটিভি না চ্যানেল-আই? রিলাক্স না বিজি? শাড়ি না শার্ট? Wishing from heart ... EID MUBARAK@,Eid_Mubarak
পড়েছে আজ চাঁদের নজর, তাইতো পেলাম ঈদের খবর। হাসছে চাঁদ আজ জুড়ে আকাশ, সবাই পেলো ঈদের বাতাস। সবাইকে ঈদের শুভেচ্ছা।_____ঈদ মোবারক____@,Eid_Mubarak
ঈদ আনে বস্তা ভর্তি খুশি, তাই তুমি খেয়ো পেট পুরে পোলাও আর খাশি।তাই বলে ঈদ কখনো হবে না বাসি,  ঈদ মোবারক।@,Eid_Mubarak
তোর ইচ্ছাগুলো উড়ে বেড়াক পাখনা দুটি মেলে, দিনগুলি তোর যাকনা কেটে এমনি হেসে খেলে। অপূর্ণ না থাকে যেন তোর কোন সুখ, এই কামনায় ঈদ মোবারক।@,Eid_Mubarak
ঈদের দাওয়াত তোমার তরে, আসবে তুমি আমার ঘরে। কবুল করো আমার দাওয়াত, না করলে পাবো আঘাত। তখন কিন্তু দেবো আড়ি, যাবো না আর তোমার বাড়ি। ঈদ মোবারক সবাই কে ।"ঈদের অভিনন্দন"@,Eid_Mubarak
যেদিন দেখব ঈদের চাঁদ, খুশি মনে কাটবে রাত। নতুন সাজে সাজব আজ, আজ হলো ঈদের দিন ,আনন্দে কাটবে সারাদিন। ঈদ মোবারক@,Eid_Mubarak
হ্যালো প্রিয় এন্ড প্রিয়তম, আর মাত্র কয়েক দিন | আসছে সবার খুশির দিন ! নতুন জামা কিনে নিন, সময় নেই বেশি দিন | দাওয়াত রইল অগ্রিম, আসবেন কিন্তু ঈদের দিন, অপেক্ষায় থাকবো সারাদিন..@,Eid_Mubarak
দূরের মানুষ আসুক কাছে, কাছের জন থাকুক পাশে, মন ছুটে যাক তোমার টানে, নয়া চাদের আগমনে, কাটুক খুশি সবার মনে । ঈদ মোবারক @,Eid_Mubarak
ঈদ মানে হাসি, ঈদ মানে আশা। ঈদ মানে তোমার প্রতি আমার ভালোবাসা। ঈদ মানে দুর আকাশে মিষ্টি চাঁদের হাসি। ঈদ মানে সুখ সাগরে সবাই মিলে ভাসি। ঈদ মোবারক@,Eid_Mubarak
আকাশের নীল দিয়ে, হৃদয়ের ছোঁয়া দিয়ে, সবুজের অরণ্য দিয়ে, সাগরের গভীরতা দিয়ে ,তোমাকে জানাই ঈদের শুভেচ্ছা।ঈদ মোবারক।@,Eid_Mubarak
ইচ্ছে করে বলতে তোমায় সত্যি ভালোবাসি, বলতাম ঠিকই থাকলে তুমি আমার পাশাপাশি। কোন দূরেতে আছিস বন্ধু আয়না আমার কাছে, আজকের দিনে তোকে আমার পরছে খুব মনে।ঈদ মোবারক@,Eid_Mubarak
আমার বাড়ি আইসো সখী নতুন সাজে সেজে, ঈদের পোশাক দিব তোমায় বইসো আমার পাশে। পোলাও কোরমার সাথে দিব 7 আপ খেতে। ঈদের দিন করবো মাস্তী দুজন মোরা মিলে। ঈদ মোবারক।@,Eid_Mubarak
 কষ্টের আড়ালে সুখের রাশি, প্রতিটা জীবনকেই আমি ভালোবাসি। তাই প্রতিটা জীবনের প্রতিটা সময় শুভ হোক। সবাইকে জানাই ঈদ মোবারক।@,Eid_Mubarak
লাল শাড়ি পরে,, হাতে চুড়ি দিয়ে.. ঘুরবে যখন রিক্সায়,, পাশে কিন্তুু নিও আমায়..!! ঈদ মোবারক@,Eid_Mubarak
আনন্দের এই সময় গুলো, কাটুক থেমে থেমে, বছর জুড়ে তোমার তরে, ঈদ আসুক নেমে, “ঈদ মোবারক”@,Eid_Mubarak
আজকে খুশির বাধ ভেঙেছে, ঈদ এসেছে ভাই ঈদ এসেছে , শাওআলের চাঁদ ওই উকি দিয়েছে, সবার ঘরে আজ ঈদ এসেছে, সেই দিন আর নয় বেশি দূর, রমজান শেষ হলে কাটবে অপেক্ষার ঘোর,,, "ঈদ মোবারক”@,Eid_Mubarak
রিমঝিম এই বৃষ্টিতে, ঈদ কাটাবো সৃষ্টিতে | খুশির হাওয়া লাগলো মনে, নাচবে খুকি ক্ষণে ক্ষণে | সাজবে সবায় নতুন পোশাক, ঈদ যেন সারা জীবন রয়ে যাক | "ঈদ মোবারক"@,Eid_Mubarak
আজ খুশির বাধ বেঙেছে । উঠছে ঈদের চাদ । ঘুম নাইরে ঘুম নাইরে আজ সারা রাত । গাছে গাছে নতুন কলি ফুটবে এবার ফুল । সবার জন্য রইল আমার ঈদের আমন্ত্রন ।ঈদ মোবারক. @,Eid_Mubarak
ভোর হলো দুর খোল, চোখ মেলে দেখরে। রোযা শেষ রোযা শেষ, ঈদ চলে এল রে। নতুন জামা পড়ব রে, হাসি খুসি থাকব রে . ঈদ চলে এল সবার দুয়ারে। শুভেচ্ছা রয়লো সবাইকে .ঈদ মোবারক ঈদ মোবারক।@,Eid_Mubarak
আধার ভেদ করে সূর্যকিরণ প্রতি জীবন দুয়ারে পৌছে যাক যাপিত জীবনের যাবতীয় গ্লানি ভুলে, এসো রাঙিয়ে তুলি বাংলার নতুন বছর !@,Noboborsho
দিন যদি চলে যায় দিগন্তের শেষে রাত যদি চলে যায় তারার দেশে ভেব না বন্ধু আমি থাকব তোমাদেরপাশে। !!! শুভ নববর্ষ !!@,Noboborsho
পুরানো সব স্মৃতি করে ফেল ইতি, পুরানো সব কষ্ট করে ফেল নষ্ট, পুরানো সব বেদনা আর মনে রেখ না, পুরোনের হয়েছে মরন নতুন করে কর বরণ, সব কিছু মুছে ফেল মন থেকে, তাকাও নব সুর্যের দিকে। সূর্যটা হাসে, তোমায় ভালবাসে। তাই তোমাকে আমি জানাই নতুন বছরের শুভেচছা। শুভ নববর্ষ !@,Noboborsho
.বসন্তের আগমনে কোকিলের সুর ! গ্রিস্মের আগমনে রোদেলা দুপুর ! বর্ষার আগমনে সাদা কাঁশফুল ! তাই তোমায় Wish করতে মন হল বেকুল ! *"শুভ নববর্ষ"*.@,Noboborsho
ঊদীত রবির প্রথম আলো দূর করবে সকল কালো। মেটবে মন আনন্দ ধারায় সবাই হবে বাধন হারা। দিনটি হক তোমার তরে মন ভরে উঠুক খুশির ঝরে। শুভ নববর্ষ@,Noboborsho
ঝরে গেল আজ বসন্তের পাতা, নিয়ে যাক সঙ্গে সবমলিনতা । বৈশাখের সকালে, লাগুক প্রাণে আনন্দের এই স্পর্শ, মন থেকে আজ জানাই তোমায় “শুভ নববর্ষ” নতুন পোশাক নতুন সাঁজ। নতুন বছর শুরু আজ। মিষ্টি মন মিষ্টি হাঁসি। শুভেচ্ছা জানাই রাশি রাশি॥@,Noboborsho
নতুন সূর্য, নতুন প্রান। নতুনসুর, নতুন গান। নতুন উষা,নতুন আলো। নতুন বছর কাটুক ভাল। কাটুক বিষাদ, আসুক হর্ষ। শুভ হোক নববর্ষ।সবাইকে নববর্ষের শুভেচছা।..@,Noboborsho
পুরোনো যত হতাশা, দুঃখ,অবসাদ, নতুন বছর সেগুলোকে করুক ধূলিস্যাৎ। সুখ, আনন্দে মুছে যাক সকল যাতনা। *শুভ পহেলা বৈশাখ@,Noboborsho
চৈত্রের রাত্রি শেষে, সূর্য আসে নতুন বেসে, সেইসূর্যের রঙ্গিন আলো, মুছে দিক তোমার জীবনের সকল কালো…! #শুভ_____নববর্ষ@,Noboborsho
ফুল ফুটেছে বনে বনে...ভাবছি তোমায় মনে মনে...বলছি তোমায় কানে কানে..."শুভ নববর্ষ"@,Noboborsho
বার মাসে তের পার্বণ এবার এলো বলে, বাঙ্গালির একটি বছর বয়ে গেলো চলে!!! নতুন বছর আসুক শুধু আনন্দের স্পর্শ,, আমার তরফ থেকে আমার সকল বন্ধুদের জানাই ****শুভ নববর্ষ****@,Noboborsho
ভুল কে আজ দাও ছুটি,বিবাদ কে আজ দাও বিদায়।মনকে আজ শুদ্ধ কর, শত্রুকে আজবন্ধু কর। এই সময় এই ক্ষনপাবে তুমি কতক্ষনআসো তবে হাত মিলাই ,মনের সাথে মন মিলাই, ভালবাসায়ধন্য হোক জীবন, শুভ হোকতোমার আমার নববর্ষ@,Noboborsho
আবার এসেছে ফিরে, বাঙালির ঘরে, নবরুপে পহেলা বৈশাখ… আজ শুধুই ভালবাসার উজানে, বাঙালির বর্ষবরণ নানা আয়োজনে, রমনীরা আজ সেজেছে নতুন সাজে, পায়ের নূপুর ঘুঙ্গুর বাজে। নাচবে দুলেদুলে দেখবো প্রানখুলে। আবার এসেছে ফিরে, বাঙালির ঘরে, নতুন সাজে পহেলা বৈশাখ। শুভ নববর্ষ !!@,Noboborsho
পাখির ডানায় লিখে দিলাম নববর্ষের নাম বন্ধু তোমরা উড়ে দেখো পাবে সুখের ঘ্রান l পুরোনো সব কষ্ট করে ফেলো নষ্ট! নতুন বছরের নতুন যাত্রা হয় যেনো সুখ আর বিনোদনময়! এই কামনায় তোমাদের জানাই শুভ_নববর্ষ@,Noboborsho
নিশি অবশান প্রায় , ঐ পুরাতন বর্ষ হয় গত । আমি আজি ধূলিতলে , জীর্ন জীবন করিলাম নত । বন্ধু হও শত্রু হও যেখানে যে রত, ক্ষমা কর আজিকের মত। পুরাতন বছর সাথে , পুরাতন অপরাধ যত । হরদম হৈ হৈ, বৈশাখ এল ঐ, কলার পাতায় ইলিশ পান্তা , ঈষান কোনে মেঘের বার্তা । শুভ নববর্ষ@,Noboborsho
হাসি দুঃখ গ্লানি. ছিল আছে থাকবে. নতুন বছরের শুভদিন. আসবে কাছে ডাকবে. ঐসব গ্লানি ভূলে গিয়ে. নাও মনে ঐ ডাক. জানাই হে প্রিয় সকলকে. শুভ পহেলা বৈশাখ!@,Noboborsho
সন্ধ্যা তোমার লালচে আকাশ, মনের ভুলের রাতে। না ঘুমোনো তারা কিছু, জাগবে তোমার সাথে ।শুভ_রাত্রি@,Good_Night
যদি পৃথিবীর সব রং মিশে গিয়ে কালো হয়ে যায়, তবুও তুমি রঙ্গিন থাকবে , কারন চোখ বন্ধ করলেই, তোমায় রাজ কন্যার মত দেখি ...-- শুভ রাত্রি --@,Good_Night
আকাশ এখানে অসীম নীল ডানা মেলে উড়ে যায়, স্বপ্নের গাংচিল স্নিগ্ধ সকাল তার প্রতীক্ষায়, ক্লান্ত দুপুর থমকে দাঁড়ায় এই দিগন্ত, চোখের সীমানায় কেউ কি ডাকে?নিশ্চুপ গভীর মায়ায়? --শুভ রাত্রি--@,Good_Night
আকাশ জুড়ে তারার মেলা আর চাঁদের খেলায় ভোলা মন । মন চাইছে খুশি থাকুক আমার আপনজন । নীল রঙ্গের আকাশ এখন দেখা যাচ্ছে কালো, আমি আছি বিন্দাস আর তোমরাও থেকো ভালো । **শুভ_রাত্রী**@,Good_Night
আমার কথা না ভেবেই তুমি ঘুমিয়ে , পরবে এটা হতে পারে না.. ঘুমাতে গেলে আমার কথা তোমার মনে পর্বেই.. তোমার মন কে তুমি বাধা দিতে পারবে না.এটাই হল ভালবাসা. "শুভ রাত্রি"@,Good_Night
পাগলী আমার ঘুমিয়ে পড়েছে ! মুঠোফোন তাই শান্ত, আমি রাত জেগে দিচ্ছি পাহারা মুঠোফোনের এই প্রান্ত । এ কথা যদি সে জানতো ?" শুভ রাত্রি "@,Good_Night
 জোনাকি হল রাতের বাতি। স্বপ্ন নাকি ঘুমের সাথি। মন হল মায়াবী পাখি। ফ্রেন্ড নাকি সুখ দুঃখের সাথি। তাই জানাই তোমাদের "শুভ রাত্রি"।@,Good_Night
হাজারো তারার এই রাতে এসেছে, হাজার হাজার স্বপ্ন চোখের সামনে এসেছে। এই স্বপ্নে হারিয়ে যাও, বাতি নিভিয়ে ঘুমিয়ে পর@,Good_Night
হাই চাঁদ! তোমার আলো কমাও... হ্যালো বাতাস! নরম হও.. হ্যালো ফুল! আস্তে সুবাস ছরাও.. হ্যালো পৃথিবী! ধীরে চল.. কারন আমার প্রিয় বন্ধু ঘুমাচ্ছে! শুভ রাত্রি!@,Good_Night
এই ঠান্ডা ঠান্ডা রাতে, তোমার অন্ধকার অন্ধকার ঘরে, তোমার ছোট ছোট জানালা দিয়ে, ঝলমল ঝলমল তারার দিকে তাকাও তোমায় মিষ্টি মিষ্টি স্বপ্নের শুভেচ্ছা রইলো@,Good_Night
তোমার চোখের পাতায় রবো সারা রাত। জানেমান, আমিতো একটা স্বপ্ন, সকাল হতে না হতেই চলে যাবো ### Good Night ###@,Good_Night
মনে হচ্ছে কিছু হতে চলছে, কেও মিষ্টি স্বপ্নে হারিয়ে যাচ্ছে, আপনার আলো চাঁদকে ধীর করে দিচ্ছে, আমার আপন কেও ঘুমাতে যাচ্ছে@,Good_Night
যদিও আমি এসেছি ফেলে , যাইনি তারে ভুলে... যত্ন করে সৃতির পাতায় , রেখেছি তারে তুলে , +++ শুভ রাত্রি +++@,Good_Night
কোন ব্যাপার না আকাশ নীল বা কালো, কোন ব্যাপার না আধার থাক বা আলো, কোন ব্যাপার না দিনটা আমার কেমন গেলো, শুধু বন্ধু তুমি থাকো ভালো+++ শুভ রাত্রি +++@,Good_Night
রাত মানে গভীর নেশা স্বপ্ন দেখার আশা, রাত মানে লুকিয়ে থাকা উষ্ণ ভালোবাসা, রাত মানে চোখটি বুজে সিঁথির দোকান খোলা, রাত মানে তোমাকে আমার….. শুভ রাত্রি বলা………………………@,Good_Night
ছোট ছোট স্বপ্ন দেখছ মনের মানুষ নিয়ে, রাতের আকাশে ভেসে যেও খুশি গান গেয়ে, যে তারাটা দেখবে তুমি সব চাইতে ব্রাইট, আমার হয়ে সে তোমাকে বলবে গুড নাইট……@,Good_Night
রাত জাগা পাখি হয়ে তার কথা ভাবি, এই মনে একা একা তার ছবি আঁকি, জোৎস্নার নীল আলো তার চোখে ভাসে, বন্ধু হয়ে থাকো তুমি চিরদিন পাশে>>> শুভ রাত্রি <<<@,Good_Night
রাতের গায়ে তার বাড়ি, চাঁদটি ছিল আমার ঘুড়ি, গল্প শুনি ঠাকুমার কাছে, ভূতের বাড়ির তেঁতুল গাছে, ভয়ে ভয়ে ঘুমিয়ে পড়ি, স্বপ্ন দেখি দুচোখ বুজে === শুভ রাত্রি ===@,Good_Night
দীপ নিভিলো রাত্রি হলো আকাশ হলো কালো, এক ফালি চাঁদ হাসছে দেখো বলছো কিগো ভালো? রাত তো দেখি অনেক হলো যাও গো শুতে যাও, এসেছি আমি পাহারা দিতে নিশ্চিন্তে ঘুমাও@,Good_Night
আমি মেঘ তুমি আকাশ, আমি ফুল তুমি সুভাষ, আমি কবি তুমি কবিতা, আমি সুর তুমি গান, আমি দিন তুমি রাত, আমি রাত তুমি চাঁদ. ……শুভ রাত্রি……@,Good_Night
সূর্য দিলো আলোর ধারা, আকাশ দিলো হাজার তারা, সন্ধ্যা এলো চাঁদের সাথে, মন মিশেছে মনের সাথে, নিভিয়ে দিলাম আলোর বাতি, এবার জানাই শুভ রাত্রি@,Good_Night
যত দিন বেঁচে থাকবো, এই ভাবে ভালো বাসবে তো, নাকি রাতের তারার মতো, সকল হলেই হারিয়ে যাবে দূর আকাশে. === Good Night ===@,Good_Night
হাজার চাপের মধ্যেও তোমার কথা ভাবি, খুলে দেখো দুটি আঁখি, তোমার জন্য আমি কত স্বপ্ন আঁকি, পারবে কি আমায় ভুলে থাকতে তুমি সুখী === শুভ রাত্রি ===@,Good_Night
মিষ্টি তারা মুচকি হাসে, জোনাকিরা উড়ছে গাছে, চাঁদ মামা ঝিমিয়ে এলো, বলছি তোমায় ঘুমিয়ে পড়ো, না ঘুমালে ঘুমের পারি, স্বপ্ন তোমার করবে চুরি…@,Good_Night
বন্ধু তুমি আছো দুরে, তবু ও তুমি আছো মনের মধ্যে, সারা দিনের ক্লান্তি শেষে, মনে হয় আমি তোমারই পাশে, স্বপ্নেও আবার আসবে তুমি তোমায় জানাই শুভ রাত্রি……@,Good_Night
গভীর রাতের তারার হাসি, মিস্টি হাওয়া বাজায় বাঁশি, চাঁদের আলো ঝিলমিলিয়ে , হাসছে নিশি খিলখিলিয়ে, ইচ্ছে আমার দিলাম লিখে.=== শুভ রাত্রি ===@,Good_Night
শুভ রজনী শুভ দিন, সামনে আসছে তোমার জন্মদিন, জন্মদিনে কি দিব তোমায়, এক তোড়া গোলাপ ফুল আর এক বুক ভালোবাসা ছাড়া আর কিছু নেই যে আমার "শুভ জন্মদিন"@,Happy_birthday
খুশির আকাশে পাল তুলে যেও চিরদিন, হাসি আর গানে শোধ হয়ে যাবে যত ঋন, আলোর পরশে ভোর হয়ে যাবে এই রাত, কোনদিন ছেড়ে দিওনা এই বন্ধুত্বের হাত "শুভ জন্মদিন@,Happy_birthday
রাজার আছে অনেক ধন, আমার আছে সুন্দর মন, পাখির আছে ছোট্ট বাসা, আমার মনে একটি আশা, দিবো তোমায় ভালোবাসা "শুভ জন্মদিন@,Happy_birthday
কারো শনিবার প্রিয় দিন কারো রবিবার আমার শুধু প্রিয় একটা দিন তোমার জন্মদিন ! শুভ জন্মদিন !@,Happy_birthday
নতুন সকাল , নতুন দিন নতুন করে শুরু, যা হয় না যেন শেষ. জন্মদিনের অনেক শুভেচ্ছার সাথে ,পাঠালাম তোমায় এই এস এম এস ! শুভ জন্মদিন !@,Happy_birthday
আজকের এই দিনটির জন্য একটা বছর ধরে ওয়েট করছি...কারন এই স্পেশিয়াল দিনে সৃষ্টিকর্তা তোমাকে, পৃথিবীতে স্পেশিয়াল করে আমার জন্য পাঠিয়েছে......শুভ জন্মদিন......@,Happy_birthday
একটা কথা বলার ছিল ..কি করে বলি.. বলছিলাম যে..আমি তোমাকে বলতে চাই…হ্যাপি বার্থডে ! @,Happy_birthday
তোর জন্য ভালবাসা, লক্ষ্য গোলাপ জুই,হাজার লোকের ভিড়ে আমার থাকবি হৃদয়ে তুই।শুভ জন্মদিন ! @,Happy_birthday
আজ বাতাসে সুবাসিত স্নিগ্ধতা, পাখিরা সারি সারি গাইছে গান, প্রকৃতি হেলে দুলে হয়েছে রঙিন, ফুলেরা সব ফুটেছে বাগানে, আজ আমার কাছের প্রিয় মানুষের জন্মদিন. শুভ জন্মদিন @,Happy_birthday
জন্মদিনে কি বা দেব তোমায় উপহার, বাংলায় নাও, ভালবাসা, হিন্দি তে নাও পেয়ার ! শুভ জন্মদিন !@,Happy_birthday
কিছু কথা অব্যক্ত রয়ে যায়, কিছু অনুভূতি মনের মাঝে থেকে যায়, কিছু ভালবাসার স্মৃতি নিরবে কাদে। শুধু এই দিন সব ভুলিয়ে দেয়, শুভ জন্মদিন !! @,Happy_birthday
নিজেকে খবরদার সহজলভ্য করো না। নিজের মূল্য বুঝতে শিখো। তুমি যে অমূল্য সেটি বুঝিয়ে দাও। কমপক্ষে এইটুকু বুঝিয়ে দাও চাইলেই তোমাকে পাওয়া সহজ নয়।– হুমায়ূন আহমেদ@,Kobi_Kotha
“বয়স হলেই ছেলেরা মেয়েদের দিকে তাকায়, সেই তাকানোয় লজ্জা থাকে, দৃষ্টিতে সংকোচ থাকে”-হুমায়ূন আহমেদ@,Kobi_Kotha
“যে ভালোবাসা না চাইতে পাওয়া যায়, তার প্রতি কোনো মোহ থাকে না”-হুমায়ূন আহমেদ@,Kobi_Kotha
“মেয়েরা হলো মায়াবতী, আর মায়াবতীর কোন পুরুষবাচক শব্দ নেই।”– হুমায়ুন আহমেদ@,Kobi_Kotha
“পাখি উড়ে গেলেও পলক ফেলে যায়, আর মানুষ চলে গেলে ফেলে রেখে যায় স্মৃতি।”– হুমায়ূন আহমেদ@,Kobi_Kotha
“প্রেমের ক্ষমতা যে কী প্রচণ্ড, প্রেমে না পড়লে তা বোঝা যায় না”– হুমায়ূন আহমেদ@,Kobi_Kotha
“যে থাকে আঁখি পল্লবে ,তার সাথে দেখা কেন হবে, নয়নের জলে যার বাস সে রবে নয়নে নয়নে।”– হুমায়ূন আহমেদ@,Kobi_Kotha
“বেশিরভাগ রূপবতী মেয়ে নকল হাসি হাসে। হাসার সময় ঢং করার চেষ্টা করে। তাদের হাসি হায়েনার হাসির মতো হয়ে যায়।”– হুমায়ূন আহমেদ@,Kobi_Kotha
“মেয়েদের মন পৃথিবীর সবচেয়ে স্পর্শকাতর জায়গা। এই মন অনেক কঠিন বিষয় সহজে মেনে নেয়, আবার অনেক সহজ বিষয় সহজে মেনে নিতে পারে না।”– হুমায়ূন আহমেদ@,Kobi_Kotha
“যখন একা থাকার অভ্যাস হয়ে যায় ঠিক তখনি সৃষ্টিকর্তা কিছু মানুষের সন্ধান দেন। যখন তাদেরকে নিয়ে ভালো থাকার অভ্যাস হয়ে যায়, ঠিক তখনি আবার একা হয়ে যেতে হয়।”– হুমায়ূন আহমেদ@,Kobi_Kotha
“কী কথা তাহার সাথে? – তার সাথে! আকাশের আড়ালে আকাশে। মৃত্তিকার মতো তুমি আজ ।তার প্রেম ঘাস হয়ে আসে।” – জীবনানন্দ দাশ@,Kobi_Kotha
“চুল তার কবেকার অন্ধকার বিদিশার নিশা, মুখ তার শ্রাবস্তীর কারুকার্য; অতিদূর সমুদ্রের’পর ,হাল ভেঙে যে নাবিক হারায়েছে দিশা” – জীবনানন্দ দাশ@,Kobi_Kotha
“সুরঞ্জনা, ওইখানে যেয়ো নাকো তুমি, বোলো নাকো কথা ওই যুবকের সাথে; ফিরে এসো সুরঞ্জনা : নক্ষত্রের রুপালি আগুন ভরা রাতে; ফিরে এসো এই মাঠে, ঢেউয়ে; ফিরে এসো হৃদয়ে আমার; দূর থেকে দূরে – আরও দূরে যুবকের সাথে তুমি যেয়ো নাকো আর।” – জীবনানন্দ দাশ@,Kobi_Kotha
“সবুজ ঘাসের দেশ যখন সে চোখে দেখে দারুচিনি-দ্বীপের ভিতর, তেমনি দেখেছি তারে অন্ধকারে; বলেছে সে, ‌‌‘এতদিন কোথায় ছিলেন?’ পাখির নীড়ের মতো চোখ তুলে নাটোরের বনলতা সেন” – জীবনানন্দ দাশ@,Kobi_Kotha
“তবু তোমাকে ভালোবেসে, মুহূর্তের মধ্যে ফিরে এসে, বুঝেছি অকূলে জেগে রয়, ঘড়ির সময়ে আর মহাকালে, যেখানেই রাখি এ হৃদয়” – জীবনানন্দ দাশ@,Kobi_Kotha
“পৃথিবীর সব ঘুঘু ডাকিতেছে হিজলের বনে; পৃথিবীর সব রূপ লেগে আছে ঘাসে; পৃথিবীর সব প্রেম আমাদের দু’জনার মনে; আকাশ ছড়ায়ে আছে শান্তি হয়ে আকাশে” – জীবনানন্দ দাশ@,Kobi_Kotha
“আরম্ভ হয় না কিছু — সমস্তের তবু শেষ হয় — কীট যে ব্যর্থতা জানে পৃথিবীর ধুলো মাটি ঘাসে তারও বড় ব্যর্থতার সাথে রোজ হয় পরিচয়! যা হয়েছে শেষ হয়; শেষ হয় কোনোদিন যা হবার নয়!” – জীবনানন্দ দাশ@,Kobi_Kotha
জীবনের বিবিধ অত্যাশ্চর্য সফলতার উত্তেজনা, অন্য সবাই বহন করে করুক; আমি প্রয়োজন বোধ করি না : আমি এক গভীরভাবে অচল মানুষ ,হয়তো এই নবীন শতাব্দীতে নক্ষত্রের নিচে” – জীবনানন্দ দাশ@,Kobi_Kotha
“মিনারের মতো মেঘ সোনালি চিলেরে তার জানালায় ডাকে, বেতের লতার নিচে চড়য়ের ডিম যেন শক্ত হয়ে আছে, নমর জলের গন্ধ দিয়ে নদী বারবার তীরটিরে মাখে,  বৈশাখের প্রান্তরের সবুজ বাতাসে; নীলাভ নোনার বুকে ঘর রস গাঢ় আকাঙক্ষায় নেমে আসে” – জীবনানন্দ দাশ@,Kobi_Kotha
“আমরা বুঝেছি যারা বহু দিন মাস ঋতু শেষ হলে পর, পৃথিবীর সেই কন্যা কাছে এসে অন্ধকারে নদীদের কথা, কয়ে গেছে আমরা বুঝেছি যারা পথ ঘাট মাঠের ভিতর, আরো এক আলো আছে: দেহে তার বিকাল বেলার ধুসর; পৃথিবীর কঙ্কাবতী ভেসে গিয়ে সেইখানে পায় ম্লান ধূপের শরীর” – জীবনানন্দ দাশ@,Kobi_Kotha
“কোন কাজেই প্রমাণ ছাড়া বিশ্বাস করিও না|” – শেখ সাদি@,Kobi_Kotha
“যে মিথ্যায় মঙ্গল নিহিত তাহা অসৎ উদ্দেশ্যে প্রণোদিত সত্য অপেক্ষা শ্রেষ্ঠতর” – শেখ সাদি@,Kobi_Kotha
“হিংস্র বাঘের উপর দয়া করা নীরিহ হরিনের উপর জুলুম করার নামান্তর।” – শেখ সাদি@,Kobi_Kotha
“লৌহদন্ড প্রস্তরগাত্রে যেমন বিদ্ধ হয় না, তেমনি কৃষ্ণ অন্তরেও সদুপদেশ ক্রিয়া করে না” – শেখ সাদি@,Kobi_Kotha
“মুখের কথা হচ্ছে থুথুর মত, যা একবার মুখ থেকে ফেলে দিলে আর ভিতরে নেওয়া সম্ভব নয়। তাই কথা বলার সময় খুব চিন্তা করে বলা উচিত।” – শেখ সাদি@,Kobi_Kotha
“যে সৎ হয় নিন্দা তার কোন অনিষ্ট করতে পারে না!” – শেখ সাদি@,Kobi_Kotha
“আমি আল্লাহকে সবচেয়ে বেশি ভয় পাই। তারপর সেই মানুষকে ভয় পাই যে আল্লাহকে মোটেই ভয় পায় না।” – শেখ সাদি@,Kobi_Kotha
“দেয়ালের সম্মুখে দাঁড়িয়ে কথা বলার সময় সতর্ক হয়ে কথা বলো, কারন তুমি জান না দেয়ালের পেছনে কে কান পেতে দাঁড়িয়ে আছে।” – শেখ সাদি@,Kobi_Kotha
“তুমি যদি উচচ সম্মান লাভ করিতে চাও তবে অধীনস্থ ব্যক্তিকে নিজের মতো দেখতে অভ্যাস করো । তাকে সামান্য মনে না করিয়া সম্মান করিবে ।” – শেখ সাদি@,Kobi_Kotha
“এমনভাবে জীবনযাপন করে যেন কখনো মরতে হবে না, আবার এমনভাবে মরে যায় যেন কখনো বেচেই ছিল না।” – শেখ সাদি@,Kobi_Kotha
